sku_id,demand
SKU04321,1197375
SKU04596,284552
SKU03727,168010
SKU04154,131645
SKU00953,115784
SKU00190,102370
SKU02141,100450
SKU00994,96074
SKU03292,93267
SKU01775,80893
SKU04571,76342
SKU00942,72429
SKU02858,71530
SKU01371,70665
SKU01420,67929
SKU00079,67508
SKU01045,57373
SKU00285,54730
SKU02930,53627
SKU03088,52487
SKU00286,51931
SKU02954,51281
SKU04381,44355
SKU00845,43587
SKU04166,41696
SKU04329,41379
SKU02368,40046
SKU00002,38519
SKU01189,32639
SKU00264,32607
SKU04350,32276
SKU04508,31642
SKU03840,31014
SKU02892,29903
SKU04551,29853
SKU00376,29533
SKU00920,29510
SKU01037,29000
SKU04926,28212
SKU02747,28134
SKU00893,27780
SKU03907,27510
SKU04157,27457
SKU01274,27381
SKU04913,27365
SKU02692,26779
SKU00169,26625
SKU04191,26569
SKU02740,26433
SKU00062,26023
SKU03030,25747
SKU02538,25579
SKU01507,25308
SKU03800,24626
SKU02660,24350
SKU04032,24274
SKU00500,24224
SKU01677,24096
SKU00774,23362
SKU02648,23286
SKU04105,23051
SKU01414,22599
SKU02526,22580
SKU03702,22555
SKU01578,22545
SKU01030,21958
SKU03053,21925
SKU04453,21836
SKU01048,21704
SKU00692,21661
SKU00263,21418
SKU02840,21393
SKU04627,21350
SKU02247,21219
SKU04318,21041
SKU00484,20921
SKU01317,20509
SKU03546,20481
SKU01993,20268
SKU02449,20184
SKU01164,20113
SKU02340,20098
SKU01152,19573
SKU04245,19442
SKU01009,19364
SKU01784,18583
SKU02531,18193
SKU00020,18191
SKU00539,17992
SKU02176,17950
SKU03323,17818
SKU00929,17773
SKU00976,17474
SKU00628,17318
SKU02462,17273
SKU02543,17219
SKU04041,17217
SKU02355,17176
SKU00177,17170
SKU04016,17083
SKU01138,17049
SKU01363,16792
SKU02155,16723
SKU00974,16512
SKU03535,16405
SKU00369,16215
SKU02482,16003
SKU00996,15888
SKU00050,15874
SKU00363,15634
SKU03425,15588
SKU04562,15555
SKU03353,15530
SKU02640,15385
SKU02401,15225
SKU03063,15220
SKU00254,15212
SKU00728,15185
SKU03743,15165
SKU03578,15136
SKU03259,14844
SKU02776,14790
SKU04046,14589
SKU02950,14575
SKU04646,14556
SKU02737,14546
SKU04824,14507
SKU02484,14462
SKU00506,14423
SKU04362,14421
SKU03057,14297
SKU01751,14291
SKU02088,14209
SKU04847,14207
SKU04315,14201
SKU03274,14139
SKU00531,14089
SKU03476,14054
SKU01988,13980
SKU02614,13976
SKU02079,13885
SKU03633,13802
SKU04012,13782
SKU04626,13688
SKU02923,13639
SKU00538,13610
SKU02983,13548
SKU03876,13520
SKU00416,13514
SKU04489,13498
SKU04346,13421
SKU01662,13387
SKU01021,13312
SKU04305,13278
SKU02046,13220
SKU04280,13064
SKU04476,13001
SKU00328,12877
SKU04348,12876
SKU02657,12845
SKU00291,12790
SKU02898,12705
SKU02833,12696
SKU01438,12584
SKU03693,12444
SKU04140,12409
SKU02503,12403
SKU01170,12370
SKU02268,12275
SKU04783,12262
SKU01547,12233
SKU04710,12186
SKU02068,12120
SKU02683,12118
SKU01485,12083
SKU04126,12059
SKU03870,12048
SKU00445,12028
SKU04035,12025
SKU02381,12016
SKU02826,11986
SKU03812,11924
SKU00823,11923
SKU04663,11875
SKU03199,11856
SKU04273,11824
SKU01153,11819
SKU01466,11817
SKU02532,11742
SKU01685,11732
SKU00830,11630
SKU03622,11565
SKU01370,11528
SKU04574,11513
SKU04756,11511
SKU02333,11453
SKU03851,11436
SKU04633,11375
SKU03171,11348
SKU00832,11333
SKU02298,11323
SKU02583,11298
SKU00685,11291
SKU00243,11290
SKU04677,11288
SKU00166,11261
SKU01953,11256
SKU03891,11206
SKU02071,11192
SKU00945,11094
SKU04359,11079
SKU04538,11029
SKU01836,11013
SKU01027,10987
SKU03193,10961
SKU02415,10889
SKU00982,10837
SKU00388,10834
SKU02848,10703
SKU02314,10645
SKU00404,10463
SKU03571,10455
SKU04903,10346
SKU01343,10281
SKU03077,10251
SKU02738,10223
SKU01730,10152
SKU01714,10130
SKU04197,10114
SKU04390,9985
SKU00554,9975
SKU01435,9934
SKU02611,9907
SKU02434,9892
SKU00499,9888
SKU02821,9880
SKU03133,9879
SKU01293,9791
SKU04973,9752
SKU01469,9730
SKU01870,9706
SKU04088,9641
SKU01987,9617
SKU04796,9589
SKU00952,9578
SKU04185,9563
SKU02052,9520
SKU01232,9478
SKU00426,9470
SKU04063,9448
SKU04447,9330
SKU04778,9318
SKU00686,9309
SKU01248,9306
SKU04610,9227
SKU04161,9187
SKU03134,9183
SKU01115,9180
SKU04998,9179
SKU04344,9178
SKU03232,9128
SKU03149,9126
SKU01601,9121
SKU04026,9110
SKU02330,9105
SKU00092,9029
SKU02812,9023
SKU04317,8995
SKU04408,8979
SKU02849,8927
SKU02431,8915
SKU02973,8844
SKU00163,8805
SKU02353,8801
SKU00278,8771
SKU02335,8762
SKU02705,8725
SKU01982,8707
SKU03460,8675
SKU04750,8672
SKU04702,8646
SKU02537,8610
SKU03943,8595
SKU03854,8585
SKU04235,8581
SKU00422,8562
SKU03566,8546
SKU04264,8528
SKU02201,8501
SKU03055,8488
SKU00836,8470
SKU02536,8460
SKU03374,8427
SKU01280,8422
SKU00313,8366
SKU02409,8356
SKU04275,8341
SKU03836,8333
SKU00016,8332
SKU02998,8316
SKU03004,8290
SKU00910,8277
SKU04339,8262
SKU00980,8222
SKU04789,8193
SKU02087,8164
SKU00921,8159
SKU03532,8142
SKU00454,8136
SKU03213,8126
SKU00605,8122
SKU04422,8092
SKU03379,8084
SKU01439,8083
SKU03049,8063
SKU04240,8048
SKU02004,8047
SKU02317,8022
SKU02891,8020
SKU01014,8008
SKU00036,7976
SKU03355,7964
SKU02442,7960
SKU00595,7899
SKU01549,7860
SKU04060,7815
SKU00216,7807
SKU02338,7800
SKU02870,7789
SKU01890,7786
SKU00917,7783
SKU02412,7777
SKU00565,7760
SKU00599,7758
SKU04936,7754
SKU01079,7735
SKU01774,7730
SKU03572,7726
SKU00896,7719
SKU03550,7716
SKU03647,7698
SKU03433,7691
SKU03423,7688
SKU04042,7664
SKU01377,7651
SKU04162,7600
SKU02167,7587
SKU03024,7574
SKU01088,7571
SKU03196,7535
SKU01556,7519
SKU01255,7517
SKU01297,7513
SKU01829,7489
SKU04341,7486
SKU01018,7481
SKU02912,7451
SKU02417,7450
SKU02668,7438
SKU01446,7435
SKU03034,7426
SKU04198,7418
SKU03584,7415
SKU04204,7403
SKU02720,7395
SKU03820,7389
SKU01359,7387
SKU01535,7374
SKU04155,7367
SKU00737,7334
SKU03937,7330
SKU00102,7324
SKU02407,7307
SKU00687,7297
SKU01278,7297
SKU00672,7296
SKU02034,7296
SKU04033,7292
SKU00429,7290
SKU02753,7283
SKU03587,7275
SKU04819,7240
SKU02883,7233
SKU03826,7219
SKU01701,7218
SKU00861,7215
SKU03604,7181
SKU00886,7162
SKU02231,7158
SKU02183,7125
SKU04432,7122
SKU00596,7119
SKU01545,7102
SKU03855,7095
SKU04735,7067
SKU01490,7056
SKU00126,7047
SKU04096,7029
SKU01136,7024
SKU01904,7011
SKU01555,7011
SKU04547,6999
SKU04373,6969
SKU04575,6967
SKU02655,6938
SKU03302,6928
SKU03464,6928
SKU02297,6925
SKU04934,6914
SKU04749,6914
SKU04181,6908
SKU01823,6906
SKU01860,6904
SKU04056,6901
SKU01804,6889
SKU02785,6886
SKU04604,6885
SKU00432,6876
SKU03507,6868
SKU04621,6827
SKU01159,6808
SKU01501,6805
SKU01315,6794
SKU01743,6793
SKU04816,6786
SKU01357,6784
SKU04349,6777
SKU03461,6746
SKU03246,6745
SKU04853,6703
SKU01878,6675
SKU04762,6673
SKU03901,6670
SKU02111,6667
SKU00731,6664
SKU02342,6660
SKU02300,6647
SKU03669,6644
SKU01127,6634
SKU03601,6623
SKU01041,6619
SKU01331,6615
SKU02745,6603
SKU00387,6577
SKU01190,6576
SKU02404,6563
SKU04515,6560
SKU04437,6545
SKU02820,6531
SKU02191,6521
SKU00310,6516
SKU02819,6505
SKU01644,6491
SKU03512,6472
SKU03084,6471
SKU04010,6464
SKU01165,6463
SKU02931,6457
SKU03835,6438
SKU02791,6433
SKU04924,6423
SKU00694,6418
SKU00729,6416
SKU04459,6405
SKU03522,6383
SKU01432,6358
SKU00782,6350
SKU03010,6349
SKU01652,6346
SKU04806,6315
SKU03217,6297
SKU03524,6257
SKU01395,6257
SKU00591,6251
SKU03734,6250
SKU04159,6241
SKU04629,6214
SKU01664,6207
SKU03680,6201
SKU00405,6197
SKU02178,6192
SKU01902,6188
SKU03671,6164
SKU02827,6150
SKU01843,6142
SKU02130,6133
SKU02790,6126
SKU03616,6123
SKU01595,6119
SKU04622,6108
SKU02036,6107
SKU04061,6104
SKU02283,6082
SKU01462,6078
SKU01085,6076
SKU00131,6056
SKU02303,6040
SKU00678,6023
SKU00891,6008
SKU01819,6001
SKU04188,5993
SKU04808,5984
SKU02478,5981
SKU03242,5975
SKU04560,5967
SKU03769,5954
SKU01882,5951
SKU00903,5944
SKU04954,5941
SKU04537,5938
SKU02050,5929
SKU00365,5928
SKU03450,5927
SKU02107,5893
SKU01688,5880
SKU03969,5878
SKU04592,5875
SKU03392,5864
SKU03276,5852
SKU02040,5841
SKU02830,5828
SKU02450,5824
SKU02189,5794
SKU04165,5771
SKU02486,5763
SKU04227,5756
SKU03639,5752
SKU04782,5747
SKU02219,5744
SKU01600,5744
SKU01137,5738
SKU01117,5723
SKU02920,5706
SKU04078,5704
SKU03843,5701
SKU01514,5697
SKU00396,5685
SKU02802,5681
SKU00690,5674
SKU04358,5640
SKU00232,5635
SKU00503,5633
SKU03915,5613
SKU04711,5607
SKU03766,5605
SKU02642,5605
SKU03190,5596
SKU02162,5595
SKU01489,5593
SKU03947,5591
SKU00680,5590
SKU04284,5588
SKU04084,5586
SKU03714,5585
SKU04307,5570
SKU00096,5565
SKU00743,5557
SKU02837,5547
SKU03203,5535
SKU00643,5527
SKU01281,5524
SKU03385,5519
SKU03348,5511
SKU02951,5509
SKU03906,5508
SKU04064,5505
SKU03682,5503
SKU03902,5503
SKU04255,5502
SKU03233,5500
SKU00908,5498
SKU03898,5496
SKU02544,5484
SKU03159,5473
SKU01968,5465
SKU03785,5458
SKU02786,5455
SKU02988,5441
SKU01576,5416
SKU04720,5416
SKU00901,5409
SKU02479,5406
SKU04937,5404
SKU02624,5403
SKU04309,5402
SKU04748,5390
SKU01725,5388
SKU01660,5386
SKU02778,5376
SKU03979,5373
SKU02018,5370
SKU03528,5365
SKU03285,5362
SKU01833,5357
SKU04481,5347
SKU04103,5346
SKU00373,5345
SKU01984,5325
SKU04186,5289
SKU04531,5283
SKU02165,5270
SKU01551,5269
SKU04424,5267
SKU02029,5263
SKU03912,5235
SKU00158,5230
SKU00242,5216
SKU00007,5215
SKU04705,5210
SKU01920,5192
SKU00076,5190
SKU02362,5187
SKU03455,5180
SKU00146,5172
SKU03500,5165
SKU04380,5157
SKU03130,5152
SKU02215,5147
SKU03368,5144
SKU03724,5131
SKU03194,5122
SKU03422,5102
SKU04404,5091
SKU04456,5090
SKU02382,5080
SKU01746,5073
SKU02754,5072
SKU04206,5070
SKU02854,5065
SKU03978,5050
SKU02132,5048
SKU03611,5028
SKU02488,5028
SKU03228,5022
SKU02968,5020
SKU02693,5002
SKU04233,5001
SKU01379,4989
SKU00249,4989
SKU00333,4984
SKU02100,4983
SKU01628,4982
SKU04608,4978
SKU00668,4976
SKU01365,4973
SKU00027,4961
SKU04417,4959
SKU01092,4958
SKU00519,4950
SKU03240,4927
SKU03172,4927
SKU00055,4922
SKU04077,4917
SKU02609,4914
SKU03021,4908
SKU03044,4907
SKU01638,4901
SKU02414,4894
SKU00793,4882
SKU01155,4875
SKU04288,4871
SKU04662,4871
SKU04840,4861
SKU04572,4856
SKU02952,4855
SKU04872,4851
SKU00847,4836
SKU00019,4828
SKU00060,4825
SKU02980,4825
SKU03154,4814
SKU02904,4810
SKU00762,4810
SKU04338,4808
SKU02515,4801
SKU02470,4794
SKU02251,4784
SKU01534,4783
SKU00001,4771
SKU00864,4766
SKU02654,4763
SKU04156,4754
SKU02354,4746
SKU04813,4744
SKU00619,4740
SKU03367,4740
SKU04828,4738
SKU01519,4735
SKU02015,4730
SKU03799,4724
SKU04779,4717
SKU03564,4714
SKU04618,4714
SKU03426,4710
SKU00812,4708
SKU03676,4704
SKU01443,4701
SKU00180,4701
SKU04995,4696
SKU02272,4692
SKU03685,4691
SKU00475,4686
SKU03110,4677
SKU01983,4671
SKU02308,4659
SKU03666,4659
SKU01679,4657
SKU00205,4655
SKU00940,4653
SKU01778,4649
SKU04568,4643
SKU03955,4621
SKU04835,4614
SKU04647,4610
SKU00482,4609
SKU01182,4605
SKU03623,4601
SKU00718,4599
SKU00400,4596
SKU04396,4583
SKU00383,4574
SKU00280,4574
SKU03009,4568
SKU02516,4562
SKU02216,4562
SKU01680,4561
SKU00119,4559
SKU02510,4556
SKU04170,4556
SKU03119,4540
SKU02372,4534
SKU04368,4532
SKU04168,4531
SKU00125,4529
SKU02972,4526
SKU00238,4524
SKU02690,4523
SKU02961,4522
SKU03922,4516
SKU04345,4511
SKU03567,4509
SKU01866,4508
SKU03599,4497
SKU02751,4490
SKU02618,4488
SKU03397,4487
SKU02416,4487
SKU02258,4486
SKU04400,4486
SKU03174,4471
SKU02888,4468
SKU01938,4466
SKU02143,4464
SKU00030,4454
SKU00862,4446
SKU03166,4432
SKU04099,4416
SKU01842,4415
SKU03052,4414
SKU00255,4412
SKU02712,4411
SKU02825,4410
SKU02271,4408
SKU01245,4406
SKU01737,4404
SKU03427,4402
SKU04694,4400
SKU00970,4393
SKU02320,4393
SKU04109,4393
SKU00048,4389
SKU04548,4380
SKU00875,4371
SKU00912,4369
SKU03168,4365
SKU04043,4363
SKU03395,4340
SKU02198,4340
SKU04467,4323
SKU04609,4315
SKU00043,4314
SKU01884,4312
SKU02369,4307
SKU03648,4295
SKU04110,4291
SKU03050,4287
SKU04666,4286
SKU02054,4278
SKU02991,4277
SKU01682,4276
SKU00882,4274
SKU02024,4271
SKU04438,4261
SKU02003,4258
SKU04502,4252
SKU04132,4248
SKU02086,4248
SKU02622,4242
SKU01295,4237
SKU02163,4235
SKU03496,4234
SKU01794,4234
SKU04446,4232
SKU03538,4230
SKU01483,4226
SKU01957,4223
SKU03804,4222
SKU03626,4218
SKU04550,4216
SKU04445,4210
SKU01950,4204
SKU01544,4204
SKU04755,4202
SKU01244,4201
SKU00710,4200
SKU03510,4196
SKU03340,4192
SKU01563,4192
SKU01889,4188
SKU00635,4188
SKU04830,4171
SKU01084,4167
SKU00296,4166
SKU00540,4162
SKU01940,4159
SKU00805,4153
SKU01655,4153
SKU02336,4153
SKU04477,4152
SKU03459,4146
SKU03064,4145
SKU00325,4144
SKU01683,4143
SKU00393,4140
SKU03610,4138
SKU03733,4135
SKU00391,4133
SKU03536,4132
SKU02397,4130
SKU01695,4122
SKU04080,4117
SKU03844,4106
SKU01731,4097
SKU00854,4092
SKU03945,4091
SKU04277,4090
SKU03025,4088
SKU02002,4088
SKU02345,4084
SKU02843,4084
SKU02027,4081
SKU03506,4077
SKU00412,4076
SKU02678,4071
SKU02169,4066
SKU02265,4060
SKU02033,4060
SKU00311,4053
SKU04651,4047
SKU03999,4038
SKU01713,4037
SKU03271,4036
SKU02428,4029
SKU03738,4028
SKU03632,4027
SKU04196,4022
SKU00486,4020
SKU01194,4019
SKU04311,4016
SKU00518,4007
SKU03176,4006
SKU01780,3993
SKU03919,3993
SKU00813,3991
SKU01341,3990
SKU02389,3988
SKU03138,3986
SKU00201,3980
SKU01067,3979
SKU02928,3978
SKU01752,3977
SKU03897,3976
SKU04978,3975
SKU01937,3971
SKU04898,3967
SKU02596,3961
SKU01769,3951
SKU02943,3949
SKU02585,3948
SKU01449,3945
SKU02850,3945
SKU01166,3945
SKU02725,3942
SKU02233,3932
SKU04536,3931
SKU00790,3928
SKU03363,3927
SKU00623,3924
SKU03209,3923
SKU02350,3918
SKU02659,3918
SKU00601,3917
SKU01071,3914
SKU04127,3909
SKU03027,3909
SKU01845,3908
SKU00644,3907
SKU02714,3907
SKU03488,3904
SKU04479,3899
SKU01707,3897
SKU04413,3893
SKU00802,3891
SKU04143,3891
SKU02022,3887
SKU02016,3883
SKU03028,3881
SKU04071,3880
SKU03391,3879
SKU02949,3876
SKU00590,3873
SKU00283,3870
SKU03688,3869
SKU03853,3867
SKU02665,3865
SKU00406,3860
SKU00938,3850
SKU00819,3848
SKU04933,3847
SKU02605,3844
SKU02571,3844
SKU00458,3840
SKU02645,3839
SKU03198,3838
SKU01598,3834
SKU03874,3833
SKU03325,3833
SKU03309,3831
SKU03668,3830
SKU01110,3829
SKU00714,3828
SKU02741,3825
SKU00671,3825
SKU01478,3825
SKU04286,3821
SKU00326,3814
SKU04486,3809
SKU02987,3808
SKU03076,3805
SKU01704,3803
SKU00770,3801
SKU04038,3801
SKU00504,3799
SKU03319,3795
SKU04787,3794
SKU04004,3793
SKU02154,3789
SKU02243,3788
SKU02981,3785
SKU04322,3782
SKU00509,3775
SKU01941,3772
SKU00988,3770
SKU00919,3769
SKU01456,3766
SKU02594,3757
SKU04027,3757
SKU04366,3749
SKU01486,3744
SKU00756,3744
SKU02374,3743
SKU04871,3742
SKU03690,3738
SKU01197,3736
SKU04873,3724
SKU00270,3721
SKU03838,3711
SKU01410,3711
SKU03207,3709
SKU03162,3708
SKU04601,3706
SKU01263,3704
SKU03656,3703
SKU02979,3700
SKU01243,3700
SKU01398,3699
SKU04411,3698
SKU01142,3697
SKU00103,3696
SKU01487,3690
SKU00443,3687
SKU01815,3687
SKU02529,3682
SKU03918,3682
SKU04306,3680
SKU00541,3678
SKU01301,3677
SKU00272,3670
SKU03446,3669
SKU01209,3664
SKU00831,3660
SKU04272,3660
SKU04760,3660
SKU02008,3655
SKU04581,3649
SKU02282,3648
SKU01272,3647
SKU01126,3647
SKU03960,3647
SKU02067,3645
SKU04598,3639
SKU01261,3634
SKU04823,3634
SKU02945,3632
SKU01101,3627
SKU01700,3627
SKU01089,3626
SKU04623,3626
SKU01122,3625
SKU03016,3619
SKU02894,3617
SKU04833,3617
SKU03135,3613
SKU02430,3611
SKU02180,3608
SKU01526,3605
SKU01724,3604
SKU00298,3603
SKU04570,3602
SKU00359,3601
SKU02953,3599
SKU01650,3593
SKU04363,3592
SKU03779,3591
SKU04416,3586
SKU04991,3585
SKU04134,3583
SKU00487,3582
SKU01990,3581
SKU00611,3580
SKU01338,3580
SKU04051,3580
SKU01732,3579
SKU01214,3577
SKU00966,3576
SKU01351,3575
SKU03883,3575
SKU01856,3569
SKU00378,3567
SKU01003,3566
SKU02734,3564
SKU03641,3563
SKU00089,3558
SKU04065,3548
SKU04082,3546
SKU03421,3540
SKU01271,3536
SKU00530,3535
SKU02844,3535
SKU04507,3534
SKU04403,3531
SKU04094,3524
SKU02260,3520
SKU01654,3519
SKU03568,3519
SKU04125,3516
SKU00888,3516
SKU02764,3511
SKU02808,3510
SKU02146,3508
SKU02423,3507
SKU02694,3505
SKU00902,3502
SKU02392,3502
SKU02902,3502
SKU00754,3501
SKU03704,3501
SKU00496,3500
SKU00106,3496
SKU04141,3495
SKU02035,3487
SKU01221,3483
SKU01966,3482
SKU01354,3475
SKU00702,3475
SKU00411,3475
SKU03040,3474
SKU01242,3473
SKU02706,3467
SKU00693,3464
SKU01468,3463
SKU01188,3448
SKU04800,3443
SKU00207,3441
SKU02860,3438
SKU01764,3438
SKU04294,3437
SKU02866,3434
SKU04805,3432
SKU04939,3431
SKU04865,3420
SKU04522,3420
SKU00171,3417
SKU01603,3417
SKU04365,3416
SKU02077,3415
SKU02270,3410
SKU02262,3408
SKU02649,3407
SKU01210,3406
SKU00784,3406
SKU04559,3394
SKU01035,3391
SKU01671,3389
SKU02453,3387
SKU01673,3384
SKU02476,3382
SKU02098,3381
SKU02318,3380
SKU04556,3377
SKU03687,3370
SKU02521,3369
SKU03759,3369
SKU00639,3368
SKU00711,3367
SKU03998,3364
SKU00990,3363
SKU00937,3359
SKU00361,3358
SKU00918,3357
SKU02921,3355
SKU01897,3355
SKU03954,3354
SKU01690,3351
SKU03885,3351
SKU04827,3346
SKU01226,3344
SKU00451,3343
SKU02398,3341
SKU03739,3341
SKU04821,3337
SKU00442,3337
SKU00597,3336
SKU00726,3335
SKU03328,3334
SKU00129,3334
SKU00456,3333
SKU04034,3333
SKU03576,3331
SKU04058,3329
SKU01522,3329
SKU01195,3328
SKU01010,3328
SKU01666,3326
SKU01193,3325
SKU04825,3323
SKU04242,3321
SKU04719,3319
SKU01304,3318
SKU00833,3317
SKU00578,3313
SKU04045,3312
SKU02669,3312
SKU00068,3309
SKU03542,3307
SKU03531,3306
SKU01470,3305
SKU03887,3303
SKU01629,3302
SKU02863,3301
SKU01960,3299
SKU01761,3298
SKU04883,3295
SKU01811,3294
SKU00779,3292
SKU01496,3285
SKU04464,3283
SKU00013,3281
SKU03505,3281
SKU03717,3280
SKU02947,3279
SKU01602,3278
SKU02204,3277
SKU01330,3275
SKU01418,3275
SKU01620,3272
SKU02285,3272
SKU01353,3270
SKU04283,3268
SKU02903,3266
SKU03695,3265
SKU03394,3265
SKU04964,3264
SKU00418,3263
SKU00260,3262
SKU03100,3262
SKU03206,3262
SKU00149,3261
SKU00625,3259
SKU02460,3256
SKU00885,3253
SKU00015,3253
SKU04097,3252
SKU04895,3251
SKU01087,3248
SKU02325,3241
SKU02105,3241
SKU00872,3239
SKU02717,3237
SKU00642,3235
SKU01835,3235
SKU04948,3234
SKU00029,3234
SKU01862,3233
SKU01419,3233
SKU04632,3232
SKU04920,3228
SKU02160,3220
SKU03652,3219
SKU01083,3218
SKU00618,3216
SKU04462,3214
SKU02922,3213
SKU03829,3209
SKU00477,3206
SKU03926,3202
SKU04657,3200
SKU01249,3200
SKU04992,3199
SKU03691,3196
SKU02161,3194
SKU03672,3193
SKU00887,3191
SKU00640,3187
SKU01747,3187
SKU04290,3180
SKU04069,3179
SKU01928,3174
SKU01007,3170
SKU02433,3169
SKU04326,3168
SKU02091,3167
SKU01972,3167
SKU04683,3166
SKU01808,3166
SKU00164,3162
SKU02321,3162
SKU01480,3161
SKU02443,3160
SKU04908,3159
SKU00738,3157
SKU00781,3154
SKU03708,3153
SKU01201,3152
SKU00447,3152
SKU02805,3151
SKU03299,3148
SKU00168,3148
SKU02031,3147
SKU01205,3144
SKU03474,3143
SKU04625,3142
SKU00865,3140
SKU03132,3140
SKU00116,3139
SKU02932,3137
SKU03781,3137
SKU01270,3136
SKU03815,3136
SKU03195,3135
SKU00409,3131
SKU01223,3128
SKU03886,3122
SKU02405,3121
SKU00926,3117
SKU03341,3115
SKU04138,3115
SKU02156,3111
SKU01723,3110
SKU01491,3104
SKU03339,3103
SKU01886,3100
SKU00934,3098
SKU02814,3097
SKU03201,3093
SKU03466,3088
SKU04877,3087
SKU04932,3087
SKU01151,3085
SKU01508,3084
SKU01755,3082
SKU04497,3080
SKU03649,3079
SKU03683,3071
SKU01617,3070
SKU04822,3068
SKU03521,3068
SKU04940,3067
SKU04721,3066
SKU00479,3066
SKU03787,3065
SKU03275,3062
SKU04668,3061
SKU04234,3061
SKU03494,3056
SKU03661,3054
SKU04893,3052
SKU00372,3050
SKU04361,3050
SKU01627,3049
SKU02493,3048
SKU01227,3046
SKU03608,3045
SKU03518,3043
SKU01059,3040
SKU00959,3039
SKU01926,3038
SKU00465,3037
SKU03772,3032
SKU04386,3031
SKU04943,3029
SKU03170,3027
SKU04634,3027
SKU03847,3025
SKU04519,3024
SKU03175,3023
SKU04923,3021
SKU00077,3021
SKU01978,3019
SKU04775,3019
SKU02179,3018
SKU04237,3017
SKU03910,3016
SKU01184,3015
SKU00669,3011
SKU02796,3011
SKU02218,3011
SKU03519,3011
SKU03665,3004
SKU02286,3003
SKU00111,3002
SKU04513,3001
SKU01403,3001
SKU01183,3000
SKU02836,2999
SKU00193,2999
SKU00436,2998
SKU01196,2997
SKU03948,2996
SKU04347,2994
SKU02017,2993
SKU03710,2992
SKU00049,2987
SKU03699,2987
SKU02159,2985
SKU00603,2985
SKU04324,2984
SKU04379,2982
SKU03990,2979
SKU04314,2975
SKU01961,2974
SKU00415,2973
SKU03137,2973
SKU04175,2972
SKU02007,2970
SKU02682,2969
SKU01450,2966
SKU01011,2958
SKU04214,2957
SKU01192,2952
SKU00293,2951
SKU00724,2949
SKU04639,2948
SKU00337,2947
SKU04402,2945
SKU03768,2942
SKU02974,2941
SKU02048,2940
SKU03169,2938
SKU02082,2938
SKU00772,2937
SKU01276,2936
SKU01252,2935
SKU03956,2931
SKU02196,2930
SKU04430,2927
SKU03747,2927
SKU00467,2925
SKU03104,2924
SKU02465,2922
SKU04676,2922
SKU04460,2922
SKU04302,2921
SKU01706,2920
SKU02187,2918
SKU04971,2917
SKU02360,2916
SKU01925,2912
SKU02565,2910
SKU02896,2908
SKU00332,2908
SKU04959,2903
SKU00252,2901
SKU00178,2898
SKU02806,2897
SKU01374,2897
SKU02813,2897
SKU00646,2895
SKU04452,2894
SKU00636,2894
SKU04112,2894
SKU04809,2893
SKU00993,2892
SKU00097,2892
SKU00469,2891
SKU01756,2891
SKU00548,2890
SKU03856,2890
SKU01411,2890
SKU04498,2890
SKU00152,2888
SKU03106,2887
SKU01352,2885
SKU01322,2884
SKU04066,2884
SKU03107,2884
SKU00115,2883
SKU04935,2881
SKU00997,2878
SKU04266,2877
SKU03565,2876
SKU03146,2872
SKU01326,2871
SKU03260,2871
SKU00909,2869
SKU04981,2868
SKU03965,2864
SKU00188,2862
SKU00259,2856
SKU04916,2856
SKU02617,2855
SKU04276,2853
SKU03117,2852
SKU01546,2851
SKU00633,2851
SKU02817,2850
SKU00198,2847
SKU03544,2841
SKU04241,2838
SKU01093,2837
SKU03913,2835
SKU03456,2832
SKU01520,2829
SKU03060,2828
SKU03029,2826
SKU00696,2826
SKU02240,2825
SKU04372,2825
SKU01217,2823
SKU01294,2822
SKU02601,2822
SKU04008,2821
SKU03432,2818
SKU04842,2818
SKU02557,2816
SKU03834,2815
SKU03126,2812
SKU00558,2811
SKU03789,2811
SKU00641,2810
SKU03545,2809
SKU01587,2808
SKU03552,2807
SKU04713,2806
SKU00796,2806
SKU01590,2804
SKU00883,2803
SKU00577,2801
SKU04257,2801
SKU00006,2800
SKU03530,2800
SKU02878,2797
SKU02616,2796
SKU00924,2795
SKU02383,2793
SKU03487,2791
SKU00653,2791
SKU00087,2789
SKU03208,2789
SKU00329,2787
SKU00086,2785
SKU00368,2784
SKU03062,2778
SKU03784,2778
SKU02148,2775
SKU03180,2775
SKU03445,2772
SKU02602,2770
SKU04599,2769
SKU03381,2769
SKU02001,2768
SKU03282,2767
SKU03971,2766
SKU01453,2766
SKU01608,2765
SKU00088,2763
SKU00123,2763
SKU01634,2762
SKU04882,2762
SKU03485,2762
SKU04777,2762
SKU03770,2757
SKU04681,2756
SKU00460,2754
SKU03477,2754
SKU00056,2754
SKU03741,2753
SKU01238,2749
SKU00398,2747
SKU03813,2745
SKU03977,2745
SKU03372,2744
SKU03970,2743
SKU03160,2741
SKU01516,2741
SKU00471,2740
SKU01667,2737
SKU01693,2737
SKU04613,2736
SKU04243,2735
SKU01997,2734
SKU02726,2733
SKU03225,2731
SKU00202,2728
SKU03893,2727
SKU00478,2727
SKU04976,2725
SKU03219,2725
SKU02037,2724
SKU04176,2723
SKU04120,2721
SKU02885,2719
SKU00795,2718
SKU02653,2717
SKU02220,2713
SKU04320,2713
SKU00727,2710
SKU04017,2709
SKU02612,2708
SKU00104,2708
SKU03763,2707
SKU01504,2703
SKU00877,2703
SKU02881,2703
SKU02709,2702
SKU01610,2701
SKU00998,2701
SKU01992,2700
SKU02348,2697
SKU03861,2695
SKU04332,2692
SKU04714,2691
SKU04104,2689
SKU02676,2688
SKU04565,2685
SKU02824,2683
SKU04252,2682
SKU03640,2681
SKU04910,2680
SKU01738,2680
SKU03437,2678
SKU02530,2677
SKU04700,2677
SKU04907,2677
SKU02259,2676
SKU00294,2676
SKU03845,2675
SKU03777,2674
SKU01388,2673
SKU03811,2670
SKU03081,2670
SKU04269,2670
SKU00915,2669
SKU00420,2668
SKU04466,2668
SKU04440,2666
SKU04050,2666
SKU02733,2662
SKU04207,2660
SKU02475,2659
SKU01057,2657
SKU01319,2656
SKU04642,2656
SKU02513,2654
SKU00995,2653
SKU01916,2650
SKU02047,2650
SKU03383,2649
SKU00457,2649
SKU04660,2649
SKU03841,2644
SKU00142,2644
SKU04015,2643
SKU03760,2643
SKU02856,2642
SKU00569,2641
SKU04691,2641
SKU02564,2640
SKU01336,2636
SKU01077,2636
SKU02371,2636
SKU01589,2635
SKU02644,2635
SKU03061,2634
SKU04492,2630
SKU02473,2630
SKU00534,2630
SKU01517,2630
SKU00824,2629
SKU04335,2627
SKU00787,2625
SKU03793,2624
SKU01262,2623
SKU03982,2623
SKU03002,2622
SKU02899,2621
SKU01140,2619
SKU04375,2618
SKU03581,2615
SKU03140,2612
SKU04997,2611
SKU00143,2611
SKU00751,2609
SKU00526,2608
SKU00844,2608
SKU01289,2607
SKU01120,2606
SKU04649,2606
SKU02106,2605
SKU01616,2603
SKU04975,2602
SKU04223,2602
SKU04418,2601
SKU01923,2597
SKU03974,2595
SKU01277,2595
SKU00175,2594
SKU03153,2593
SKU00949,2592
SKU02208,2592
SKU02227,2592
SKU01416,2591
SKU00742,2590
SKU04201,2590
SKU04485,2589
SKU03556,2589
SKU03253,2587
SKU04590,2586
SKU02641,2583
SKU00038,2583
SKU01908,2582
SKU03667,2581
SKU02765,2579
SKU01422,2577
SKU01399,2576
SKU03287,2574
SKU04211,2574
SKU02948,2571
SKU03378,2571
SKU00246,2571
SKU00581,2570
SKU04784,2570
SKU02962,2568
SKU02108,2568
SKU04518,2568
SKU02540,2567
SKU02307,2567
SKU01106,2567
SKU00660,2567
SKU01613,2565
SKU04855,2565
SKU04254,2565
SKU00497,2563
SKU04089,2563
SKU02061,2561
SKU01927,2561
SKU00851,2561
SKU00319,2557
SKU02803,2552
SKU00755,2551
SKU02028,2548
SKU04092,2548
SKU04655,2544
SKU01451,2543
SKU04025,2542
SKU03226,2542
SKU02549,2542
SKU02933,2542
SKU01931,2541
SKU03337,2540
SKU00925,2538
SKU01898,2537
SKU03612,2536
SKU00275,2534
SKU00004,2534
SKU01284,2534
SKU03657,2530
SKU04474,2529
SKU04028,2529
SKU02081,2528
SKU01006,2527
SKU03949,2526
SKU04200,2525
SKU00778,2525
SKU04929,2525
SKU01237,2524
SKU03660,2524
SKU01965,2523
SKU02489,2522
SKU00804,2522
SKU02502,2521
SKU04751,2518
SKU02483,2518
SKU01220,2517
SKU00768,2517
SKU04712,2516
SKU00846,2515
SKU04423,2515
SKU02684,2513
SKU03594,2513
SKU03109,2512
SKU01786,2508
SKU02060,2508
SKU00791,2507
SKU03054,2507
SKU01653,2507
SKU04790,2504
SKU00211,2504
SKU00323,2502
SKU02835,2502
SKU03144,2502
SKU01121,2502
SKU03468,2501
SKU02301,2500
SKU03038,2499
SKU01554,2497
SKU01479,2496
SKU04539,2495
SKU03388,2493
SKU02634,2491
SKU02065,2491
SKU01054,2489
SKU00542,2487
SKU03681,2486
SKU00448,2485
SKU01934,2484
SKU01572,2483
SKU01872,2479
SKU00573,2478
SKU02056,2478
SKU00397,2477
SKU00583,2477
SKU02691,2477
SKU02509,2476
SKU04544,2475
SKU03297,2474
SKU00849,2473
SKU01134,2471
SKU02448,2471
SKU02294,2469
SKU01814,2469
SKU04645,2466
SKU01917,2466
SKU02334,2466
SKU03722,2466
SKU02261,2463
SKU00913,2462
SKU04218,2462
SKU03429,2461
SKU00366,2460
SKU02304,2459
SKU03462,2456
SKU04494,2456
SKU03911,2456
SKU00753,2455
SKU02322,2453
SKU00609,2452
SKU02177,2452
SKU01440,2451
SKU02343,2449
SKU02984,2449
SKU02960,2447
SKU01525,2444
SKU01475,2442
SKU02736,2441
SKU00312,2440
SKU02615,2436
SKU02760,2436
SKU02909,2435
SKU00898,2435
SKU03511,2432
SKU03019,2432
SKU02309,2431
SKU00410,2431
SKU03719,2430
SKU03816,2428
SKU01211,2427
SKU02250,2427
SKU02099,2426
SKU03306,2426
SKU04807,2425
SKU00074,2424
SKU04918,2423
SKU04957,2422
SKU04478,2422
SKU02230,2421
SKU03725,2420
SKU01503,2420
SKU00189,2419
SKU02756,2418
SKU03755,2418
SKU02422,2418
SKU02795,2417
SKU00408,2417
SKU03366,2417
SKU02328,2416
SKU04843,2413
SKU01463,2413
SKU01657,2412
SKU04839,2412
SKU01246,2411
SKU04005,2410
SKU04593,2408
SKU00563,2407
SKU04780,2403
SKU02316,2402
SKU02731,2402
SKU04899,2401
SKU02192,2401
SKU02030,2401
SKU04845,2400
SKU02477,2397
SKU01078,2397
SKU00476,2396
SKU00707,2395
SKU03850,2395
SKU02411,2394
SKU04876,2394
SKU04637,2393
SKU03187,2393
SKU01785,2392
SKU01129,2392
SKU04707,2391
SKU00547,2387
SKU00172,2386
SKU02518,2386
SKU04963,2385
SKU01273,2382
SKU04247,2382
SKU03263,2380
SKU00390,2376
SKU03515,2376
SKU04074,2375
SKU04549,2375
SKU03346,2374
SKU00776,2374
SKU01300,2374
SKU01720,2374
SKU03079,2372
SKU03914,2370
SKU01108,2370
SKU00570,2370
SKU01969,2370
SKU01837,2369
SKU01533,2367
SKU04969,2364
SKU00336,2363
SKU01156,2363
SKU01763,2361
SKU00117,2360
SKU02366,2360
SKU00367,2359
SKU02801,2357
SKU01531,2357
SKU01493,2357
SKU03373,2357
SKU03957,2356
SKU03694,2355
SKU01892,2353
SKU04616,2352
SKU03992,2352
SKU00760,2352
SKU03442,2351
SKU04738,2351
SKU02743,2350
SKU01162,2349
SKU01524,2348
SKU02403,2347
SKU01715,2346
SKU00279,2345
SKU02497,2344
SKU02732,2344
SKU02982,2343
SKU04260,2343
SKU03996,2341
SKU03145,2339
SKU00612,2338
SKU02168,2337
SKU03940,2330
SKU02063,2330
SKU01072,2327
SKU04268,2327
SKU01816,2326
SKU01658,2326
SKU04095,2323
SKU02323,2322
SKU03888,2322
SKU03942,2322
SKU03403,2321
SKU00964,2321
SKU01239,2321
SKU00047,2317
SKU00527,2317
SKU03098,2317
SKU04369,2316
SKU02010,2316
SKU02278,2315
SKU02494,2315
SKU02504,2313
SKU00213,2309
SKU00271,2308
SKU04832,2307
SKU04031,2307
SKU04927,2306
SKU04256,2306
SKU03967,2306
SKU02967,2305
SKU00423,2304
SKU03762,2302
SKU02687,2300
SKU02420,2299
SKU02916,2299
SKU01098,2299
SKU02990,2298
SKU02447,2298
SKU01820,2297
SKU03509,2296
SKU00394,2295
SKU02556,2295
SKU03553,2295
SKU03673,2294
SKU03221,2294
SKU02498,2292
SKU00005,2292
SKU00113,2291
SKU03686,2291
SKU04786,2290
SKU00676,2290
SKU00306,2290
SKU02096,2288
SKU00829,2286
SKU00766,2285
SKU04968,2284
SKU03322,2284
SKU02939,2284
SKU03181,2283
SKU02173,2283
SKU01839,2283
SKU02390,2283
SKU03046,2281
SKU01783,2279
SKU00468,2278
SKU01481,2278
SKU01254,2278
SKU03930,2278
SKU04776,2278
SKU01740,2276
SKU01125,2275
SKU04546,2272
SKU00063,2272
SKU04356,2270
SKU04039,2269
SKU02229,2269
SKU02324,2269
SKU03167,2268
SKU02627,2268
SKU01332,2267
SKU02006,2266
SKU00151,2265
SKU01527,2265
SKU01406,2265
SKU01292,2264
SKU04890,2263
SKU00343,2262
SKU02807,2261
SKU04563,2260
SKU00746,2260
SKU04382,2259
SKU00739,2258
SKU00324,2256
SKU03415,2256
SKU01064,2255
SKU00624,2254
SKU02989,2254
SKU03300,2253
SKU02254,2252
SKU02380,2252
SKU00870,2252
SKU01269,2252
SKU01642,2251
SKU00572,2251
SKU03746,2251
SKU03638,2249
SKU03264,2249
SKU03434,2248
SKU00338,2248
SKU04615,2248
SKU04055,2248
SKU01575,2248
SKU00082,2248
SKU01753,2247
SKU03900,2247
SKU03082,2247
SKU01946,2247
SKU02432,2247
SKU01267,2246
SKU03334,2245
SKU02937,2244
SKU04770,2242
SKU01082,2242
SKU03617,2241
SKU03745,2239
SKU03042,2239
SKU01736,2239
SKU01203,2239
SKU02426,2238
SKU01013,2238
SKU01639,2237
SKU00947,2237
SKU00857,2236
SKU03790,2236
SKU04455,2235
SKU01383,2234
SKU02072,2234
SKU00610,2233
SKU01212,2233
SKU00505,2232
SKU03384,2232
SKU03569,2232
SKU01230,2231
SKU03782,2231
SKU04870,2229
SKU03908,2228
SKU01569,2228
SKU01849,2228
SKU01241,2228
SKU01825,2227
SKU00453,2227
SKU02236,2226
SKU01626,2226
SKU01066,2225
SKU02185,2225
SKU03241,2224
SKU01606,2223
SKU00606,2223
SKU04781,2223
SKU00622,2223
SKU01412,2219
SKU00983,2219
SKU01051,2218
SKU04439,2218
SKU02464,2216
SKU01865,2215
SKU04313,2214
SKU01797,2214
SKU04133,2214
SKU00256,2213
SKU04108,2213
SKU03069,2212
SKU04921,2212
SKU04904,2212
SKU01796,2212
SKU02391,2211
SKU02393,2211
SKU04521,2210
SKU04337,2210
SKU01716,2209
SKU00698,2209
SKU00769,2208
SKU01974,2207
SKU00730,2207
SKU02656,2207
SKU03402,2206
SKU03818,2205
SKU00250,2203
SKU00495,2203
SKU01633,2203
SKU03255,2203
SKU01302,2203
SKU01973,2201
SKU04259,2201
SKU02545,2201
SKU00904,2200
SKU00099,2199
SKU00446,2199
SKU02957,2198
SKU02769,2198
SKU01044,2198
SKU01528,2197
SKU02650,2197
SKU03796,2195
SKU01436,2195
SKU00835,2193
SKU03051,2193
SKU03720,2192
SKU02512,2192
SKU04817,2192
SKU02121,2191
SKU04020,2191
SKU00789,2189
SKU00747,2189
SKU01765,2188
SKU01488,2187
SKU01458,2186
SKU03327,2185
SKU04436,2185
SKU03890,2185
SKU01427,2184
SKU04444,2184
SKU03331,2184
SKU02080,2184
SKU02647,2183
SKU03917,2183
SKU01955,2181
SKU00315,2181
SKU00922,2179
SKU03495,2179
SKU00023,2179
SKU02771,2178
SKU04594,2178
SKU03120,2178
SKU03202,2177
SKU02595,2177
SKU03215,2176
SKU03197,2175
SKU01143,2174
SKU00248,2174
SKU03557,2172
SKU03288,2172
SKU00488,2172
SKU04772,2171
SKU01257,2171
SKU02406,2171
SKU02284,2170
SKU00233,2170
SKU04135,2168
SKU01016,2168
SKU04296,2166
SKU00358,2165
SKU03516,2164
SKU04742,2164
SKU00723,2163
SKU03103,2162
SKU02971,2161
SKU00450,2161
SKU03989,2161
SKU01640,2160
SKU02914,2160
SKU02468,2160
SKU04136,2159
SKU00492,2158
SKU01767,2156
SKU01358,2156
SKU04091,2156
SKU01199,2156
SKU02019,2155
SKU03658,2155
SKU02671,2155
SKU00715,2153
SKU04912,2153
SKU01523,2152
SKU02646,2152
SKU00196,2152
SKU00701,2150
SKU02901,2149
SKU04675,2149
SKU00677,2148
SKU03985,2148
SKU01779,2146
SKU02188,2145
SKU04730,2144
SKU01176,2144
SKU01116,2143
SKU02703,2143
SKU01004,2143
SKU00792,2142
SKU04799,2142
SKU02011,2141
SKU04986,2141
SKU00072,2139
SKU00455,2139
SKU04990,2139
SKU02166,2139
SKU03715,2138
SKU00977,2137
SKU00135,2136
SKU04506,2136
SKU01367,2133
SKU04685,2133
SKU04520,2132
SKU01482,2131
SKU04744,2131
SKU04767,2131
SKU04595,2130
SKU03993,2128
SKU01625,2127
SKU00427,2127
SKU01894,2127
SKU01000,2127
SKU04205,2126
SKU00360,2126
SKU01157,2124
SKU03643,2124
SKU02993,2124
SKU03243,2124
SKU03237,2122
SKU03371,2121
SKU04743,2121
SKU03767,2121
SKU03386,2120
SKU01771,2120
SKU01661,2120
SKU00722,2119
SKU03869,2119
SKU01376,2118
SKU04495,2117
SKU03026,2117
SKU02109,2116
SKU02770,2116
SKU04859,2115
SKU00377,2115
SKU02887,2114
SKU04635,2114
SKU03756,2114
SKU02438,2111
SKU03083,2111
SKU04972,2110
SKU00257,2110
SKU00716,2108
SKU03396,2108
SKU03983,2107
SKU00474,2107
SKU01135,2107
SKU03962,2107
SKU01036,2107
SKU03289,2105
SKU00703,2105
SKU01964,2105
SKU00375,2105
SKU02066,2105
SKU03711,2104
SKU03987,2102
SKU00866,2102
SKU03613,2102
SKU01096,2101
SKU00138,2101
SKU00657,2101
SKU02131,2100
SKU00881,2100
SKU03122,2100
SKU03650,2099
SKU02619,2099
SKU00931,2099
SKU03245,2098
SKU01056,2098
SKU00975,2097
SKU02138,2097
SKU03265,2096
SKU03408,2096
SKU03795,2094
SKU03409,2093
SKU00637,2093
SKU04203,2090
SKU02137,2090
SKU01015,2090
SKU03483,2090
SKU01342,2089
SKU01172,2088
SKU04049,2086
SKU02126,2086
SKU01334,2085
SKU00884,2084
SKU03729,2084
SKU03364,2083
SKU03453,2083
SKU03094,2083
SKU01313,2083
SKU04589,2082
SKU01858,2082
SKU01397,2081
SKU03723,2081
SKU02575,2080
SKU00798,2080
SKU04597,2080
SKU00040,2078
SKU04407,2078
SKU01909,2078
SKU01460,2077
SKU01288,2076
SKU03307,2076
SKU00133,2076
SKU04530,2076
SKU01548,2075
SKU03182,2075
SKU01832,2075
SKU04405,2075
SKU01405,2074
SKU03097,2073
SKU00184,2073
SKU03946,2072
SKU02685,2072
SKU00200,2071
SKU02846,2070
SKU00719,2070
SKU03752,2070
SKU02499,2069
SKU01727,2068
SKU01708,2067
SKU04956,2067
SKU02927,2066
SKU04248,2066
SKU01637,2065
SKU04928,2064
SKU02136,2064
SKU01631,2062
SKU03475,2061
SKU04177,2060
SKU01588,2060
SKU04983,2060
SKU04896,2059
SKU03486,2059
SKU00227,2059
SKU00160,2059
SKU03256,2059
SKU02379,2058
SKU03933,2057
SKU00483,2057
SKU01570,2057
SKU00811,2057
SKU03596,2055
SKU00515,2054
SKU02093,2053
SKU04962,2053
SKU04406,2053
SKU03589,2053
SKU01282,2050
SKU01393,2050
SKU02548,2049
SKU01624,2048
SKU01259,2047
SKU04680,2047
SKU04682,2046
SKU00439,2046
SKU00905,2045
SKU02936,2045
SKU03398,2044
SKU03247,2043
SKU03390,2043
SKU02742,2042
SKU04891,2042
SKU02385,2041
SKU01718,2040
SKU04688,2039
SKU01846,2039
SKU03498,2039
SKU00392,2039
SKU04737,2039
SKU03252,2038
SKU00799,2037
SKU01355,2036
SKU01128,2036
SKU03238,2036
SKU02552,2035
SKU01131,2035
SKU01314,2034
SKU01757,2033
SKU01039,2033
SKU00745,2032
SKU01389,2032
SKU04130,2032
SKU04524,2031
SKU03774,2031
SKU02012,2031
SKU03540,2031
SKU02966,2029
SKU03830,2028
SKU03059,2028
SKU04184,2027
SKU03268,2026
SKU01899,2026
SKU01703,2026
SKU03705,2025
SKU00159,2025
SKU00245,2024
SKU02929,2024
SKU02377,2024
SKU04922,2024
SKU02439,2021
SKU00031,2019
SKU01208,2018
SKU00555,2017
SKU01691,2017
SKU04079,2017
SKU04098,2017
SKU02312,2016
SKU01008,2016
SKU04739,2014
SKU04232,2013
SKU03234,2011
SKU00928,2010
SKU03313,2009
SKU01103,2008
SKU01202,2007
SKU04303,2007
SKU00960,2005
SKU00452,2005
SKU02199,2003
SKU01996,2002
SKU00357,2000
SKU02349,1999
SKU04114,1998
SKU00356,1998
SKU01494,1998
SKU00485,1995
SKU00434,1995
SKU04483,1994
SKU00212,1994
SKU00085,1994
SKU04837,1994
SKU04765,1993
SKU00179,1993
SKU00425,1993
SKU03929,1993
SKU01879,1993
SKU00809,1992
SKU01518,1992
SKU03750,1991
SKU00395,1991
SKU03537,1990
SKU01043,1990
SKU03786,1990
SKU02395,1990
SKU00630,1989
SKU04669,1989
SKU04278,1988
SKU01461,1988
SKU04673,1988
SKU00525,1987
SKU01776,1986
SKU03810,1986
SKU00349,1985
SKU03654,1984
SKU02090,1984
SKU04340,1984
SKU00979,1984
SKU04695,1983
SKU02361,1982
SKU03344,1982
SKU03780,1982
SKU01768,1982
SKU04875,1981
SKU04208,1981
SKU04210,1980
SKU03318,1980
SKU03480,1979
SKU03393,1979
SKU03995,1978
SKU01080,1978
SKU00470,1978
SKU01734,1977
SKU01366,1976
SKU03469,1976
SKU01895,1976
SKU03200,1975
SKU02750,1975
SKU04085,1974
SKU04900,1974
SKU00878,1974
SKU00801,1974
SKU00053,1974
SKU03878,1973
SKU03099,1973
SKU03075,1973
SKU03988,1972
SKU00473,1972
SKU02610,1971
SKU00165,1971
SKU02804,1970
SKU01850,1969
SKU03304,1969
SKU02451,1969
SKU03003,1968
SKU01952,1968
SKU00440,1968
SKU03525,1968
SKU04736,1968
SKU04525,1968
SKU02569,1967
SKU02918,1967
SKU01169,1966
SKU03819,1966
SKU03489,1965
SKU00911,1965
SKU00545,1964
SKU01321,1964
SKU02893,1963
SKU04119,1962
SKU02287,1962
SKU03350,1960
SKU01787,1959
SKU01233,1959
SKU02994,1959
SKU04834,1958
SKU02144,1958
SKU00817,1958
SKU02507,1958
SKU03952,1957
SKU03862,1956
SKU04731,1955
SKU02508,1955
SKU03244,1954
SKU02995,1954
SKU03283,1954
SKU01076,1953
SKU02592,1953
SKU02629,1953
SKU00070,1952
SKU03579,1951
SKU03204,1951
SKU04187,1950
SKU02190,1950
SKU01739,1949
SKU00992,1949
SKU02246,1949
SKU02370,1946
SKU04512,1946
SKU01918,1946
SKU00287,1945
SKU01102,1945
SKU01265,1945
SKU03191,1944
SKU00147,1944
SKU03614,1944
SKU00109,1943
SKU02305,1943
SKU01543,1943
SKU01800,1942
SKU00120,1941
SKU04947,1941
SKU03482,1941
SKU03412,1941
SKU03418,1941
SKU04704,1941
SKU02978,1941
SKU01607,1940
SKU03280,1939
SKU00733,1939
SKU04804,1939
SKU03776,1938
SKU02020,1938
SKU02113,1937
SKU01344,1936
SKU04564,1935
SKU03570,1934
SKU03389,1934
SKU01408,1934
SKU00889,1933
SKU00999,1932
SKU04892,1932
SKU04884,1932
SKU02133,1932
SKU04850,1931
SKU02125,1930
SKU00247,1929
SKU01788,1929
SKU03563,1927
SKU02581,1926
SKU04774,1926
SKU04009,1924
SKU03944,1923
SKU01574,1923
SKU02839,1922
SKU04219,1922
SKU04289,1922
SKU01712,1921
SKU04672,1920
SKU01975,1920
SKU03817,1920
SKU01497,1919
SKU04122,1918
SKU02341,1917
SKU00981,1917
SKU01019,1917
SKU00634,1916
SKU02452,1915
SKU01380,1915
SKU04426,1915
SKU00664,1914
SKU00464,1914
SKU03721,1914
SKU02956,1914
SKU00025,1913
SKU02134,1913
SKU01409,1912
SKU00225,1911
SKU03072,1910
SKU01848,1909
SKU04844,1909
SKU04435,1909
SKU02788,1908
SKU03549,1908
SKU01962,1908
SKU01060,1908
SKU04977,1906
SKU01930,1905
SKU02511,1904
SKU00493,1903
SKU04433,1903
SKU02623,1902
SKU01947,1902
SKU04083,1901
SKU01400,1901
SKU03361,1901
SKU03405,1901
SKU01622,1900
SKU00838,1900
SKU03020,1900
SKU00098,1899
SKU03041,1899
SKU03751,1899
SKU01887,1899
SKU00816,1899
SKU02940,1897
SKU04193,1896
SKU03078,1896
SKU01586,1896
SKU02288,1895
SKU03404,1894
SKU01540,1894
SKU04523,1894
SKU00054,1893
SKU02716,1893
SKU02553,1892
SKU03877,1892
SKU03419,1892
SKU00191,1891
SKU01349,1891
SKU01609,1890
SKU04076,1890
SKU04087,1890
SKU00282,1889
SKU00132,1888
SKU02599,1888
SKU00067,1887
SKU04384,1887
SKU00234,1887
SKU02026,1887
SKU01234,1886
SKU02273,1885
SKU04529,1885
SKU02934,1884
SKU01772,1884
SKU02554,1884
SKU00673,1883
SKU02135,1883
SKU00951,1883
SKU02359,1883
SKU04174,1883
SKU02210,1882
SKU00033,1882
SKU04687,1881
SKU02598,1880
SKU03490,1879
SKU03164,1879
SKU04836,1879
SKU03928,1877
SKU01130,1877
SKU02688,1876
SKU02577,1876
SKU01286,1876
SKU03880,1876
SKU02525,1875
SKU02782,1874
SKU02555,1874
SKU04628,1873
SKU01760,1873
SKU00561,1872
SKU04229,1872
SKU02306,1871
SKU02876,1871
SKU01459,1871
SKU01429,1871
SKU01954,1871
SKU02480,1869
SKU03976,1869
SKU02097,1868
SKU01521,1868
SKU03831,1868
SKU02214,1868
SKU04788,1868
SKU00648,1867
SKU00428,1866
SKU01198,1866
SKU04527,1866
SKU03279,1866
SKU01081,1865
SKU03068,1864
SKU02550,1864
SKU00221,1863
SKU02005,1863
SKU04182,1863
SKU02582,1863
SKU01956,1863
SKU02235,1863
SKU00794,1863
SKU03471,1863
SKU02816,1862
SKU01562,1862
SKU03728,1860
SKU03380,1859
SKU00757,1859
SKU02762,1859
SKU02895,1858
SKU04734,1857
SKU04810,1857
SKU04846,1856
SKU00522,1856
SKU03342,1855
SKU01647,1855
SKU02708,1855
SKU00194,1854
SKU00035,1852
SKU04299,1852
SKU03736,1852
SKU03359,1852
SKU02315,1851
SKU01564,1851
SKU00039,1850
SKU02852,1848
SKU00231,1848
SKU01710,1848
SKU00780,1846
SKU01001,1846
SKU02670,1846
SKU01213,1846
SKU00765,1845
SKU03478,1845
SKU02275,1845
SKU01094,1844
SKU04323,1843
SKU02394,1843
SKU03270,1843
SKU01445,1842
SKU01095,1842
SKU03324,1841
SKU00962,1841
SKU01921,1840
SKU04678,1839
SKU03216,1838
SKU01141,1838
SKU02977,1838
SKU03849,1837
SKU02346,1837
SKU02721,1836
SKU03411,1836
SKU04974,1835
SKU01417,1835
SKU03033,1835
SKU03806,1834
SKU01791,1834
SKU04238,1834
SKU04333,1833
SKU02062,1833
SKU04868,1833
SKU04866,1832
SKU04644,1832
SKU04820,1832
SKU01749,1832
SKU03345,1831
SKU00520,1831
SKU01394,1831
SKU02206,1831
SKU01868,1830
SKU02085,1830
SKU02919,1830
SKU02396,1829
SKU03692,1829
SKU04183,1829
SKU03873,1828
SKU02784,1827
SKU03147,1826
SKU01585,1826
SKU01253,1826
SKU01539,1826
SKU04674,1826
SKU04378,1826
SKU02174,1825
SKU04226,1825
SKU03842,1824
SKU02151,1824
SKU00472,1824
SKU01875,1823
SKU01305,1823
SKU04014,1821
SKU01681,1821
SKU02043,1821
SKU00118,1821
SKU04415,1821
SKU00139,1819
SKU04573,1819
SKU03178,1819
SKU03448,1818
SKU00759,1817
SKU04724,1816
SKU03924,1816
SKU00989,1815
SKU04263,1815
SKU04860,1815
SKU02238,1814
SKU00295,1813
SKU04619,1812
SKU04586,1811
SKU04708,1811
SKU04059,1810
SKU02868,1810
SKU04312,1810
SKU00121,1809
SKU02444,1809
SKU04115,1808
SKU03121,1807
SKU02680,1807
SKU02758,1805
SKU00065,1805
SKU01181,1804
SKU00933,1803
SKU00626,1803
SKU01900,1803
SKU03047,1802
SKU00157,1802
SKU00107,1801
SKU00607,1800
SKU01689,1800
SKU02311,1799
SKU03056,1798
SKU04631,1798
SKU00670,1797
SKU04534,1797
SKU02561,1797
SKU03814,1797
SKU03410,1797
SKU00297,1797
SKU00339,1797
SKU00839,1796
SKU02799,1796
SKU00899,1796
SKU00220,1795
SKU00219,1794
SKU04500,1794
SKU00253,1794
SKU04202,1792
SKU03116,1792
SKU01431,1792
SKU03994,1792
SKU02831,1791
SKU01283,1791
SKU01945,1791
SKU00897,1791
SKU03007,1790
SKU03593,1790
SKU02996,1790
SKU03377,1789
SKU04951,1789
SKU01375,1789
SKU03973,1789
SKU04862,1788
SKU01596,1787
SKU00334,1787
SKU03859,1786
SKU04036,1786
SKU02572,1786
SKU01618,1786
SKU04696,1786
SKU04179,1785
SKU00299,1783
SKU02815,1783
SKU03407,1783
SKU00128,1783
SKU03439,1782
SKU01325,1781
SKU00927,1781
SKU03236,1781
SKU00627,1781
SKU01933,1779
SKU01793,1779
SKU03825,1779
SKU01529,1778
SKU04516,1778
SKU04579,1778
SKU01235,1778
SKU01855,1777
SKU00022,1777
SKU03431,1776
SKU01742,1775
SKU01557,1775
SKU04328,1775
SKU00284,1774
SKU02058,1774
SKU03558,1773
SKU02102,1773
SKU04258,1772
SKU02118,1771
SKU01932,1771
SKU01614,1771
SKU04431,1770
SKU01579,1768
SKU02053,1767
SKU00659,1767
SKU01386,1767
SKU01910,1767
SKU00656,1767
SKU00852,1766
SKU02289,1766
SKU03387,1766
SKU01404,1766
SKU00552,1765
SKU04752,1765
SKU02186,1764
SKU03332,1764
SKU01901,1764
SKU00057,1764
SKU00303,1763
SKU03343,1761
SKU01350,1760
SKU04304,1759
SKU02457,1759
SKU01364,1759
SKU03000,1759
SKU02153,1759
SKU04297,1759
SKU04463,1758
SKU02299,1757
SKU04511,1757
SKU04496,1755
SKU00777,1755
SKU03920,1755
SKU03881,1755
SKU03037,1755
SKU01948,1754
SKU02744,1754
SKU01178,1753
SKU04728,1753
SKU04944,1751
SKU03635,1750
SKU00744,1750
SKU02874,1749
SKU00689,1749
SKU02528,1748
SKU04301,1748
SKU01692,1747
SKU02244,1746
SKU01694,1746
SKU04150,1746
SKU03629,1745
SKU01368,1745
SKU03400,1745
SKU00430,1745
SKU02527,1744
SKU01390,1744
SKU01362,1743
SKU02724,1743
SKU00736,1743
SKU04293,1743
SKU01566,1743
SKU02749,1742
SKU02399,1742
SKU01581,1742
SKU00268,1742
SKU01033,1742
SKU02777,1741
SKU02834,1741
SKU03214,1741
SKU01963,1741
SKU01291,1741
SKU02124,1740
SKU04864,1740
SKU01327,1739
SKU03852,1738
SKU04501,1738
SKU04578,1737
SKU03071,1737
SKU00604,1737
SKU04769,1737
SKU04886,1736
SKU03896,1736
SKU04938,1736
SKU04917,1735
SKU03183,1735
SKU04448,1735
SKU01163,1735
SKU02719,1735
SKU01676,1735
SKU03577,1734
SKU01744,1734
SKU04374,1734
SKU01883,1734
SKU02910,1734
SKU02906,1733
SKU03261,1733
SKU02855,1732
SKU00265,1732
SKU02608,1732
SKU04151,1731
SKU00750,1730
SKU02607,1730
SKU01168,1729
SKU03224,1729
SKU02495,1728
SKU02832,1728
SKU02711,1728
SKU01361,1727
SKU03227,1727
SKU03370,1726
SKU04638,1726
SKU02127,1726
SKU04861,1726
SKU03517,1726
SKU01173,1725
SKU04745,1725
SKU00900,1725
SKU04189,1725
SKU04449,1724
SKU02455,1724
SKU01750,1724
SKU00101,1724
SKU01335,1723
SKU02679,1723
SKU04582,1723
SKU00508,1723
SKU00261,1721
SKU04740,1721
SKU03637,1721
SKU01873,1720
SKU01218,1720
SKU03086,1720
SKU04965,1719
SKU04838,1719
SKU03074,1719
SKU00218,1718
SKU04472,1718
SKU03939,1716
SKU00517,1716
SKU00544,1716
SKU04761,1715
SKU04514,1715
SKU00533,1715
SKU00144,1714
SKU03595,1714
SKU00217,1713
SKU04072,1713
SKU03585,1713
SKU04624,1713
SKU04000,1712
SKU02586,1712
SKU00674,1711
SKU01615,1710
SKU00267,1710
SKU02917,1709
SKU00352,1709
SKU04178,1709
SKU00971,1709
SKU00215,1709
SKU03586,1708
SKU00663,1708
SKU00708,1707
SKU03951,1707
SKU03972,1707
SKU01550,1707
SKU04699,1707
SKU01024,1706
SKU04732,1705
SKU01333,1705
SKU04961,1705
SKU03606,1705
SKU02959,1705
SKU02636,1705
SKU04540,1705
SKU01145,1704
SKU04533,1704
SKU00192,1703
SKU01111,1702
SKU02701,1702
SKU03239,1701
SKU03662,1701
SKU02635,1701
SKU00273,1700
SKU04510,1700
SKU01802,1700
SKU00752,1699
SKU04427,1699
SKU02568,1699
SKU01942,1699
SKU02789,1699
SKU02263,1698
SKU04656,1698
SKU00620,1698
SKU00222,1698
SKU02882,1698
SKU04410,1698
SKU02242,1697
SKU03011,1697
SKU00513,1696
SKU04858,1696
SKU03317,1695
SKU03212,1695
SKU02400,1695
SKU03783,1694
SKU04785,1694
SKU01826,1694
SKU00652,1693
SKU00308,1693
SKU03066,1693
SKU02427,1693
SKU01381,1692
SKU04139,1691
SKU04023,1690
SKU03065,1690
SKU02606,1690
SKU01907,1689
SKU02424,1688
SKU04067,1688
SKU01748,1688
SKU00930,1688
SKU04331,1687
SKU03250,1687
SKU02880,1686
SKU00292,1686
SKU02466,1685
SKU02356,1685
SKU01789,1684
SKU03678,1684
SKU01807,1683
SKU00856,1683
SKU04131,1683
SKU01728,1682
SKU04878,1682
SKU03636,1682
SKU01185,1681
SKU00208,1681
SKU02793,1681
SKU00879,1679
SKU04327,1679
SKU04528,1679
SKU03312,1679
SKU02823,1679
SKU01180,1679
SKU02818,1679
SKU02992,1679
SKU02560,1677
SKU04931,1677
SKU04754,1676
SKU00941,1676
SKU04024,1676
SKU01020,1676
SKU02666,1676
SKU04764,1675
SKU01424,1675
SKU03447,1675
SKU02158,1674
SKU04509,1673
SKU02045,1673
SKU00614,1673
SKU00984,1672
SKU01099,1672
SKU04274,1672
SKU04316,1672
SKU02628,1671
SKU02291,1671
SKU01699,1671
SKU02593,1670
SKU03142,1670
SKU00863,1669
SKU01316,1669
SKU02667,1669
SKU04852,1669
SKU03096,1669
SKU01434,1668
SKU01452,1667
SKU01402,1667
SKU02926,1667
SKU00281,1667
SKU02367,1666
SKU03889,1666
SKU04113,1664
SKU01040,1664
SKU03148,1664
SKU01599,1664
SKU03872,1664
SKU00621,1663
SKU00034,1663
SKU02924,1662
SKU03303,1662
SKU00353,1661
SKU00206,1661
SKU00095,1661
SKU00786,1660
SKU04377,1660
SKU00840,1660
SKU01929,1659
SKU02474,1659
SKU00709,1659
SKU03554,1658
SKU01426,1658
SKU00381,1657
SKU03211,1657
SKU02965,1657
SKU01442,1657
SKU03757,1657
SKU04718,1657
SKU00665,1656
SKU03258,1656
SKU02490,1655
SKU02841,1655
SKU04841,1655
SKU03808,1655
SKU03365,1654
SKU03440,1654
SKU02319,1653
SKU00871,1651
SKU01308,1651
SKU04585,1651
SKU01891,1650
SKU02752,1650
SKU04541,1649
SKU03697,1649
SKU00181,1649
SKU01943,1649
SKU00827,1649
SKU02481,1649
SKU00204,1648
SKU02632,1648
SKU02761,1648
SKU01069,1648
SKU00327,1647
SKU02013,1647
SKU00632,1647
SKU04993,1646
SKU02293,1646
SKU00461,1645
SKU03628,1645
SKU04984,1644
SKU04298,1644
SKU03267,1644
SKU02696,1643
SKU03788,1643
SKU04542,1643
SKU04239,1643
SKU04867,1643
SKU01831,1642
SKU02547,1642
SKU00114,1642
SKU01922,1642
SKU00154,1642
SKU04733,1641
SKU02613,1641
SKU01258,1641
SKU01698,1641
SKU03866,1640
SKU00108,1640
SKU02661,1640
SKU04310,1640
SKU01502,1639
SKU03424,1639
SKU04454,1639
SKU01632,1639
SKU04985,1638
SKU01484,1638
SKU00228,1638
SKU02861,1637
SKU01859,1637
SKU01864,1637
SKU02225,1637
SKU04880,1637
SKU01002,1636
SKU01225,1636
SKU00046,1636
SKU02418,1636
SKU02152,1636
SKU02445,1635
SKU04487,1635
SKU02828,1635
SKU03821,1635
SKU03761,1634
SKU01500,1634
SKU00825,1633
SKU01721,1633
SKU03698,1633
SKU01959,1632
SKU03128,1632
SKU00543,1632
SKU01250,1632
SKU03013,1632
SKU01360,1630
SKU02041,1630
SKU03605,1630
SKU02339,1629
SKU00841,1629
SKU01885,1628
SKU00868,1628
SKU01053,1628
SKU00413,1627
SKU00444,1627
SKU00969,1627
SKU03958,1626
SKU02429,1625
SKU02456,1624
SKU02800,1624
SKU04360,1624
SKU02517,1624
SKU04490,1623
SKU01561,1623
SKU00417,1622
SKU04457,1622
SKU02239,1621
SKU02274,1621
SKU00241,1620
SKU02689,1620
SKU03679,1620
SKU03797,1619
SKU04658,1619
SKU03860,1618
SKU01824,1618
SKU01026,1618
SKU02702,1618
SKU00695,1618
SKU03310,1617
SKU04600,1617
SKU02775,1616
SKU04583,1616
SKU00037,1616
SKU03501,1615
SKU01936,1615
SKU04163,1615
SKU04881,1615
SKU04661,1615
SKU03620,1615
SKU00403,1615
SKU02009,1614
SKU03753,1614
SKU01702,1614
SKU04003,1613
SKU02184,1612
SKU03916,1612
SKU04173,1611
SKU00557,1611
SKU00463,1610
SKU01299,1610
SKU00806,1610
SKU00183,1610
SKU01636,1609
SKU02222,1609
SKU03189,1609
SKU02467,1609
SKU02122,1609
SKU01444,1609
SKU04068,1609
SKU04480,1608
SKU04192,1608
SKU04030,1607
SKU03136,1607
SKU01977,1607
SKU03473,1606
SKU02600,1606
SKU00124,1605
SKU01515,1605
SKU01559,1605
SKU04698,1604
SKU02140,1604
SKU02461,1604
SKU01705,1604
SKU00869,1603
SKU04630,1603
SKU04493,1603
SKU02739,1602
SKU00717,1602
SKU04545,1602
SKU01869,1601
SKU02562,1601
SKU02441,1601
SKU03742,1600
SKU03273,1600
SKU02150,1600
SKU02326,1600
SKU00073,1600
SKU03867,1599
SKU01809,1599
SKU03534,1598
SKU01844,1598
SKU00600,1598
SKU02781,1597
SKU01646,1597
SKU01577,1596
SKU03707,1596
SKU00820,1595
SKU04279,1595
SKU01251,1595
SKU01373,1594
SKU00197,1594
SKU02092,1594
SKU01537,1593
SKU01139,1593
SKU01509,1592
SKU03330,1591
SKU01709,1591
SKU03827,1591
SKU01758,1591
SKU04428,1590
SKU01665,1590
SKU02295,1590
SKU04180,1590
SKU01573,1589
SKU03451,1589
SKU02707,1588
SKU03615,1588
SKU04667,1587
SKU03997,1587
SKU02847,1587
SKU00810,1586
SKU01058,1586
SKU00314,1586
SKU01028,1585
SKU03131,1585
SKU04994,1585
SKU03249,1585
SKU04376,1585
SKU01050,1585
SKU00867,1584
SKU04970,1584
SKU00362,1584
SKU03479,1583
SKU03125,1583
SKU02695,1583
SKU02759,1582
SKU04602,1582
SKU02767,1581
SKU02986,1581
SKU02157,1580
SKU00010,1580
SKU02985,1580
SKU04552,1580
SKU01871,1580
SKU02729,1580
SKU00681,1580
SKU01735,1580
SKU01231,1580
SKU00490,1580
SKU02773,1579
SKU03986,1579
SKU04857,1579
SKU00873,1579
SKU04811,1579
SKU02241,1579
SKU04584,1579
SKU01421,1579
SKU04979,1579
SKU01437,1578
SKU01268,1578
SKU00162,1577
SKU01985,1576
SKU02228,1576
SKU01541,1576
SKU02440,1576
SKU02798,1575
SKU04569,1575
SKU04620,1575
SKU00859,1575
SKU02051,1575
SKU04603,1575
SKU01467,1574
SKU01147,1573
SKU03438,1572
SKU00320,1572
SKU02857,1571
SKU02867,1571
SKU02772,1571
SKU00044,1571
SKU03443,1570
SKU03095,1570
SKU04399,1570
SKU04614,1570
SKU02859,1570
SKU04167,1570
SKU01801,1570
SKU04421,1569
SKU01621,1569
SKU02551,1569
SKU01161,1568
SKU00800,1568
SKU02074,1568
SKU02095,1568
SKU04002,1568
SKU04029,1567
SKU00187,1566
SKU00224,1566
SKU01912,1566
SKU00580,1566
SKU03824,1565
SKU01530,1565
SKU04617,1565
SKU02281,1565
SKU01593,1565
SKU01994,1565
SKU01124,1565
SKU01144,1564
SKU03048,1564
SKU03748,1563
SKU00185,1563
SKU01571,1562
SKU01623,1562
SKU01328,1562
SKU00223,1562
SKU04911,1562
SKU04818,1561
SKU03420,1561
SKU04047,1561
SKU02809,1560
SKU04671,1559
SKU02413,1559
SKU04930,1559
SKU00414,1558
SKU00244,1557
SKU00051,1557
SKU03157,1557
SKU00549,1557
SKU00134,1557
SKU02589,1556
SKU03503,1556
SKU03868,1556
SKU03001,1555
SKU04398,1554
SKU04285,1554
SKU00559,1553
SKU02101,1553
SKU04395,1553
SKU02958,1553
SKU01726,1553
SKU01148,1553
SKU00564,1553
SKU02363,1552
SKU02269,1552
SKU03791,1552
SKU03526,1552
SKU03123,1551
SKU00431,1551
SKU03771,1550
SKU00277,1550
SKU00236,1550
SKU01266,1550
SKU00290,1550
SKU03497,1550
SKU02652,1549
SKU01097,1549
SKU02437,1548
SKU00289,1548
SKU02620,1547
SKU02458,1547
SKU02347,1547
SKU02245,1546
SKU01149,1545
SKU03630,1545
SKU02873,1545
SKU00226,1544
SKU04473,1544
SKU03904,1543
SKU00441,1543
SKU01686,1543
SKU04815,1543
SKU00080,1542
SKU01604,1542
SKU02935,1542
SKU03502,1542
SKU01323,1541
SKU02603,1541
SKU02755,1541
SKU04357,1541
SKU01047,1541
SKU02677,1540
SKU04802,1540
SKU03730,1540
SKU01345,1539
SKU02523,1539
SKU02310,1539
SKU04801,1539
SKU04081,1539
SKU00229,1538
SKU04129,1537
SKU00560,1537
SKU00523,1537
SKU04355,1537
SKU04517,1537
SKU03112,1536
SKU02203,1536
SKU00340,1535
SKU01236,1535
SKU03430,1534
SKU01980,1534
SKU01630,1533
SKU01991,1533
SKU04909,1532
SKU04650,1532
SKU04148,1532
SKU04851,1531
SKU00011,1531
SKU02900,1531
SKU04793,1531
SKU01065,1530
SKU00735,1530
SKU03953,1530
SKU04044,1530
SKU02643,1529
SKU02766,1528
SKU04465,1528
SKU03597,1527
SKU02039,1527
SKU02851,1527
SKU04482,1527
SKU00968,1526
SKU00399,1526
SKU03726,1526
SKU02625,1526
SKU03351,1526
SKU00594,1525
SKU03959,1525
SKU03547,1525
SKU02658,1525
SKU02197,1524
SKU00948,1524
SKU02256,1524
SKU03732,1524
SKU00182,1523
SKU00658,1523
SKU00214,1523
SKU00258,1523
SKU01876,1522
SKU00174,1522
SKU01506,1521
SKU03713,1521
SKU00512,1521
SKU02889,1521
SKU03541,1520
SKU04967,1520
SKU02266,1520
SKU02313,1519
SKU00459,1517
SKU00059,1517
SKU02232,1517
SKU00939,1516
SKU04100,1516
SKU00666,1516
SKU01995,1515
SKU00176,1514
SKU01275,1514
SKU02810,1514
SKU03481,1514
SKU04231,1514
SKU01821,1514
SKU03598,1514
SKU01958,1513
SKU00675,1513
SKU04354,1512
SKU01228,1512
SKU03735,1512
SKU04759,1512
SKU00374,1512
SKU01896,1511
SKU03091,1511
SKU00529,1511
SKU02535,1511
SKU03382,1511
SKU01207,1510
SKU00946,1510
SKU01853,1508
SKU03981,1508
SKU01401,1508
SKU01312,1507
SKU01346,1507
SKU04330,1507
SKU02257,1506
SKU00850,1506
SKU03927,1506
SKU00481,1506
SKU02469,1506
SKU02774,1506
SKU01741,1505
SKU02588,1505
SKU03296,1505
SKU04387,1505
SKU01773,1505
SKU03186,1504
SKU02237,1504
SKU03231,1504
SKU00407,1503
SKU02402,1503
SKU02884,1503
SKU04588,1503
SKU01329,1503
SKU02373,1503
SKU04116,1503
SKU02672,1503
SKU04230,1503
SKU04224,1502
SKU04952,1502
SKU02496,1502
SKU04291,1502
SKU02207,1501
SKU01022,1501
SKU02651,1501
SKU04557,1501
SKU02182,1499
SKU03903,1499
SKU01852,1499
SKU00602,1499
SKU02145,1499
SKU03022,1499
SKU01154,1499
SKU03651,1498
SKU03712,1498
SKU02704,1498
SKU03706,1497
SKU00494,1497
SKU04295,1497
SKU04164,1497
SKU00276,1496
SKU01100,1496
SKU02673,1496
SKU00741,1495
SKU03143,1495
SKU02117,1495
SKU03832,1495
SKU04555,1495
SKU04451,1494
SKU04471,1494
SKU03765,1494
SKU04946,1493
SKU04111,1493
SKU04576,1493
SKU04057,1492
SKU00480,1492
SKU00616,1492
SKU00700,1492
SKU01073,1492
SKU02364,1491
SKU04124,1491
SKU02727,1491
SKU04370,1490
SKU04391,1490
SKU00761,1489
SKU04190,1489
SKU02332,1489
SKU00914,1488
SKU03080,1488
SKU02264,1488
SKU03644,1488
SKU03093,1488
SKU02559,1487
SKU04371,1487
SKU04925,1487
SKU00061,1487
SKU03625,1487
SKU04221,1486
SKU02976,1486
SKU01061,1486
SKU03329,1486
SKU03716,1485
SKU03124,1485
SKU03470,1485
SKU00834,1485
SKU01722,1485
SKU02579,1485
SKU01222,1484
SKU04874,1484
SKU02905,1484
SKU02280,1484
SKU02249,1483
SKU01935,1483
SKU04982,1483
SKU04648,1482
SKU00370,1482
SKU01979,1482
SKU00586,1482
SKU02213,1482
SKU04086,1481
SKU04271,1481
SKU01999,1481
SKU03015,1481
SKU00562,1480
SKU03794,1480
SKU02327,1480
SKU03984,1480
SKU01306,1480
SKU01384,1480
SKU01465,1479
SKU01025,1479
SKU00136,1479
SKU02044,1479
SKU04535,1479
SKU04429,1478
SKU03114,1477
SKU01669,1477
SKU03298,1477
SKU01499,1476
SKU02779,1476
SKU03865,1476
SKU03223,1476
SKU04697,1476
SKU04659,1476
SKU04101,1475
SKU03006,1475
SKU00093,1475
SKU00985,1475
SKU04287,1475
SKU01425,1474
SKU00041,1474
SKU02573,1474
SKU00683,1474
SKU00907,1474
SKU02746,1473
SKU04966,1473
SKU01476,1473
SKU01656,1472
SKU01812,1472
SKU04611,1471
SKU03590,1471
SKU01219,1471
SKU00764,1471
SKU04773,1471
SKU04040,1470
SKU00567,1470
SKU00384,1470
SKU02337,1470
SKU04270,1469
SKU04199,1469
SKU04792,1469
SKU02115,1468
SKU03529,1467
SKU03802,1467
SKU03444,1467
SKU03718,1467
SKU03008,1467
SKU00209,1467
SKU03798,1467
SKU00008,1466
SKU03218,1466
SKU01795,1465
SKU03262,1465
SKU02713,1465
SKU04885,1465
SKU03326,1465
SKU03336,1465
SKU03354,1464
SKU03499,1464
SKU00528,1464
SKU03463,1464
SKU02296,1463
SKU00957,1463
SKU04117,1462
SKU00961,1462
SKU00688,1461
SKU00783,1461
SKU04246,1460
SKU01109,1460
SKU04758,1460
SKU03449,1460
SKU02730,1460
SKU02171,1460
SKU03102,1460
SKU00341,1459
SKU00797,1459
SKU02890,1459
SKU04458,1459
SKU01841,1459
SKU01777,1459
SKU02084,1458
SKU00842,1458
SKU02435,1458
SKU00347,1458
SKU01447,1458
SKU02076,1457
SKU02049,1457
SKU02110,1456
SKU00084,1456
SKU02139,1456
SKU00028,1456
SKU04949,1456
SKU02078,1455
SKU02378,1455
SKU04640,1454
SKU03399,1454
SKU01697,1453
SKU04689,1453
SKU04794,1453
SKU01711,1452
SKU04351,1452
SKU01012,1452
SKU00195,1451
SKU04450,1451
SKU00307,1451
SKU03923,1450
SKU03087,1450
SKU03335,1450
SKU02638,1450
SKU00424,1449
SKU04960,1449
SKU03465,1449
SKU02083,1448
SKU02123,1448
SKU03899,1447
SKU00148,1447
SKU00613,1446
SKU00803,1446
SKU04383,1445
SKU00021,1445
SKU04553,1445
SKU03539,1445
SKU03278,1445
SKU01378,1444
SKU02715,1444
SKU04367,1444
SKU02797,1443
SKU01204,1443
SKU00321,1443
SKU00145,1443
SKU03659,1443
SKU01861,1442
SKU03401,1442
SKU00203,1442
SKU03305,1442
SKU00344,1442
SKU04989,1441
SKU02735,1441
SKU03846,1441
SKU02352,1441
SKU03778,1441
SKU00491,1440
SKU04308,1440
SKU03764,1440
SKU03934,1439
SKU02021,1439
SKU03857,1439
SKU02491,1439
SKU01745,1439
SKU01415,1438
SKU00489,1438
SKU02955,1437
SKU00950,1437
SKU03141,1437
SKU00018,1437
SKU02487,1437
SKU02023,1436
SKU01307,1436
SKU02757,1436
SKU03879,1436
SKU02344,1436
SKU01216,1435
SKU01719,1435
SKU04394,1435
SKU01464,1434
SKU00629,1434
SKU00141,1434
SKU03573,1434
SKU03895,1433
SKU00153,1433
SKU01729,1433
SKU04021,1433
SKU03184,1432
SKU00763,1432
SKU00943,1432
SKU03356,1432
SKU01553,1432
SKU04075,1431
SKU02591,1431
SKU03293,1430
SKU04999,1430
SKU01074,1430
SKU04988,1429
SKU03801,1429
SKU00137,1428
SKU04001,1428
SKU02195,1428
SKU00576,1428
SKU03663,1428
SKU01648,1428
SKU02838,1427
SKU03369,1427
SKU04684,1427
SKU00288,1427
SKU02872,1427
SKU00853,1427
SKU01175,1427
SKU00566,1427
SKU02025,1427
SKU03085,1426
SKU02234,1426
SKU02845,1426
SKU04420,1425
SKU00239,1425
SKU00379,1425
SKU00617,1425
SKU03358,1425
SKU01914,1424
SKU04385,1424
SKU00712,1424
SKU01998,1423
SKU00843,1423
SKU01492,1423
SKU02069,1423
SKU00892,1422
SKU00568,1422
SKU03513,1422
SKU00661,1422
SKU01951,1422
SKU03127,1422
SKU02664,1421
SKU00346,1421
SKU04342,1421
SKU00647,1421
SKU04567,1421
SKU03315,1421
SKU00318,1420
SKU03266,1420
SKU02913,1420
SKU04137,1420
SKU04364,1419
SKU00071,1419
SKU02042,1419
SKU01086,1419
SKU01668,1419
SKU01387,1418
SKU02942,1418
SKU01893,1418
SKU00771,1418
SKU02384,1417
SKU00808,1417
SKU04121,1417
SKU00348,1417
SKU01505,1417
SKU03360,1417
SKU00916,1417
SKU03406,1416
SKU04251,1416
SKU00651,1416
SKU02073,1416
SKU00748,1416
SKU01840,1416
SKU03909,1415
SKU00042,1415
SKU01799,1415
SKU03417,1415
SKU03980,1414
SKU04171,1414
SKU02697,1414
SKU02032,1414
SKU01150,1413
SKU02116,1412
SKU01847,1412
SKU04037,1412
SKU01448,1411
SKU01659,1411
SKU00807,1410
SKU02723,1410
SKU03588,1410
SKU03653,1410
SKU00615,1410
SKU04869,1409
SKU00511,1409
SKU01348,1409
SKU02200,1409
SKU04716,1409
SKU02862,1409
SKU03301,1408
SKU00435,1408
SKU00514,1407
SKU02792,1407
SKU04812,1407
SKU04469,1407
SKU01510,1407
SKU03936,1406
SKU03222,1406
SKU00026,1405
SKU00345,1405
SKU04123,1405
SKU03314,1405
SKU02748,1405
SKU00944,1404
SKU01382,1404
SKU04216,1404
SKU04253,1404
SKU04195,1404
SKU03754,1404
SKU01160,1404
SKU01687,1403
SKU03272,1403
SKU04723,1403
SKU04826,1403
SKU04543,1403
SKU02811,1402
SKU03454,1402
SKU03938,1402
SKU01075,1402
SKU00667,1402
SKU03161,1402
SKU03882,1402
SKU03012,1401
SKU04906,1401
SKU04863,1401
SKU00785,1400
SKU01215,1400
SKU04128,1400
SKU04897,1400
SKU01472,1400
SKU03701,1400
SKU03689,1399
SKU01939,1399
SKU01611,1398
SKU00364,1398
SKU01597,1397
SKU02941,1397
SKU04942,1397
SKU00880,1396
SKU04503,1396
SKU01200,1396
SKU00014,1396
SKU01118,1395
SKU01298,1395
SKU01105,1395
SKU02886,1395
SKU03664,1395
SKU01663,1395
SKU02621,1395
SKU00161,1395
SKU00822,1395
SKU02522,1394
SKU01260,1394
SKU01810,1394
SKU04434,1393
SKU04715,1393
SKU01594,1393
SKU00301,1392
SKU00300,1392
SKU01369,1391
SKU02699,1390
SKU01924,1390
SKU00697,1390
SKU04389,1390
SKU01455,1390
SKU03151,1390
SKU04090,1390
SKU01591,1390
SKU02211,1389
SKU03618,1389
SKU01813,1389
SKU04914,1389
SKU04334,1389
SKU04980,1388
SKU04577,1388
SKU00335,1387
SKU03731,1387
SKU03655,1386
SKU01854,1386
SKU00818,1386
SKU02419,1386
SKU00235,1386
SKU03700,1385
SKU00579,1385
SKU02975,1385
SKU04393,1385
SKU03118,1385
SKU03435,1385
SKU00094,1385
SKU03294,1385
SKU00322,1384
SKU02997,1384
SKU03338,1383
SKU01619,1383
SKU03677,1383
SKU04397,1383
SKU02524,1383
SKU03035,1382
SKU01949,1382
SKU01759,1382
SKU01511,1381
SKU02944,1381
SKU03205,1381
SKU02485,1380
SKU00112,1380
SKU02454,1380
SKU00876,1379
SKU01279,1379
SKU04889,1378
SKU00536,1378
SKU03809,1378
SKU02181,1378
SKU01309,1378
SKU01454,1378
SKU04006,1378
SKU04441,1377
SKU00304,1377
SKU02674,1377
SKU03675,1376
SKU01062,1376
SKU02147,1376
SKU02970,1375
SKU03165,1375
SKU03631,1375
SKU00895,1375
SKU00720,1375
SKU02128,1374
SKU04209,1374
SKU00828,1374
SKU03229,1374
SKU03559,1373
SKU01672,1373
SKU02459,1373
SKU03894,1373
SKU00269,1373
SKU01146,1373
SKU03792,1373
SKU03295,1373
SKU02597,1371
SKU01324,1371
SKU02542,1371
SKU02149,1371
SKU04915,1371
SKU04325,1371
SKU01290,1370
SKU00382,1370
SKU03574,1370
SKU03413,1370
SKU02587,1370
SKU00587,1370
SKU04236,1369
SKU03964,1369
SKU03321,1369
SKU01881,1369
SKU04292,1368
SKU04763,1368
SKU02633,1368
SKU02663,1368
SKU00064,1367
SKU00655,1367
SKU04343,1367
SKU00956,1367
SKU03308,1367
SKU02057,1366
SKU01798,1366
SKU03352,1366
SKU00734,1366
SKU02908,1366
SKU01177,1366
SKU01113,1366
SKU01264,1366
SKU00199,1365
SKU00351,1365
SKU01029,1365
SKU02963,1365
SKU01186,1365
SKU01782,1364
SKU00316,1364
SKU03018,1364
SKU03921,1364
SKU00330,1364
SKU04053,1364
SKU00110,1364
SKU00130,1364
SKU02226,1363
SKU03333,1363
SKU01247,1363
SKU02879,1363
SKU00122,1362
SKU02000,1362
SKU01643,1362
SKU02252,1362
SKU00574,1362
SKU03966,1362
SKU03458,1361
SKU04419,1361
SKU00305,1361
SKU04706,1361
SKU01296,1361
SKU01471,1360
SKU04225,1360
SKU03163,1360
SKU03235,1360
SKU01049,1360
SKU01206,1359
SKU02120,1359
SKU00052,1359
SKU00967,1359
SKU01091,1358
SKU01976,1358
SKU03472,1357
SKU03645,1357
SKU01641,1357
SKU02865,1357
SKU00081,1356
SKU02224,1356
SKU04606,1356
SKU00732,1356
SKU03101,1356
SKU04228,1356
SKU02539,1356
SKU00045,1356
SKU01114,1355
SKU00091,1355
SKU04686,1355
SKU04727,1355
SKU01090,1355
SKU02292,1355
SKU03696,1355
SKU04300,1354
SKU00058,1354
SKU03575,1354
SKU01119,1354
SKU01867,1354
SKU00773,1354
SKU02604,1354
SKU02094,1353
SKU02276,1353
SKU03067,1353
SKU04703,1353
SKU02631,1353
SKU02358,1352
SKU03032,1352
SKU04692,1352
SKU00510,1351
SKU01817,1351
SKU00815,1351
SKU02869,1351
SKU03703,1351
SKU00309,1351
SKU04267,1350
SKU02787,1350
SKU01552,1350
SKU03156,1350
SKU01132,1350
SKU04093,1349
SKU02519,1349
SKU01583,1349
SKU04797,1349
SKU02142,1349
SKU04558,1349
SKU00537,1348
SKU04766,1348
SKU03674,1348
SKU00582,1348
SKU01123,1348
SKU01385,1347
SKU04217,1347
SKU02853,1347
SKU03925,1347
SKU03177,1346
SKU04022,1346
SKU02864,1346
SKU01498,1345
SKU03963,1345
SKU03520,1345
SKU01905,1345
SKU04791,1344
SKU04282,1344
SKU04488,1344
SKU01584,1344
SKU01107,1344
SKU02070,1343
SKU04007,1343
SKU04950,1343
SKU04587,1343
SKU01635,1342
SKU00788,1342
SKU04746,1342
SKU04146,1342
SKU00704,1342
SKU00848,1341
SKU03452,1341
SKU04336,1341
SKU01023,1340
SKU03646,1340
SKU04213,1339
SKU00380,1339
SKU01495,1338
SKU03349,1337
SKU00389,1337
SKU01311,1337
SKU04803,1337
SKU02170,1337
SKU04814,1336
SKU04722,1336
SKU00608,1336
SKU00713,1336
SKU02574,1336
SKU00593,1336
SKU02202,1335
SKU01580,1335
SKU02505,1335
SKU04717,1335
SKU03555,1335
SKU00991,1335
SKU00684,1335
SKU02718,1334
SKU04709,1334
SKU00705,1334
SKU00758,1334
SKU01565,1333
SKU00955,1333
SKU04011,1333
SKU03031,1333
SKU01034,1333
SKU03155,1332
SKU03248,1332
SKU01612,1332
SKU00556,1331
SKU00826,1330
SKU03316,1330
SKU01372,1330
SKU03070,1330
SKU00274,1330
SKU03875,1329
SKU01070,1329
SKU03533,1329
SKU03560,1329
SKU03210,1329
SKU03492,1328
SKU04013,1328
SKU03871,1328
SKU00638,1328
SKU01005,1328
SKU03931,1328
SKU00588,1328
SKU03551,1327
SKU04052,1327
SKU04220,1327
SKU02212,1327
SKU00725,1327
SKU01320,1326
SKU04894,1326
SKU00100,1326
SKU02193,1326
SKU04641,1326
SKU03607,1325
SKU02938,1325
SKU02089,1325
SKU00973,1325
SKU04504,1325
SKU02915,1325
SKU00682,1325
SKU00003,1325
SKU02410,1324
SKU03045,1324
SKU02059,1324
SKU01989,1324
SKU00438,1324
SKU01477,1324
SKU01391,1323
SKU02637,1323
SKU04144,1322
SKU02209,1322
SKU01513,1322
SKU04412,1322
SKU03684,1321
SKU00186,1321
SKU01430,1321
SKU01888,1321
SKU04262,1321
SKU04244,1321
SKU04725,1320
SKU04070,1320
SKU03023,1320
SKU02388,1320
SKU03039,1320
SKU02375,1320
SKU03905,1320
SKU00553,1320
SKU02783,1319
SKU00024,1319
SKU00230,1318
SKU04468,1318
SKU00266,1318
SKU01830,1317
SKU00575,1317
SKU04848,1317
SKU03005,1317
SKU03073,1316
SKU01240,1316
SKU02119,1315
SKU04726,1315
SKU00874,1315
SKU00090,1314
SKU03192,1314
SKU04945,1314
SKU01532,1314
SKU02492,1314
SKU01055,1314
SKU03320,1313
SKU04591,1313
SKU04281,1313
SKU01536,1313
SKU01944,1312
SKU03527,1312
SKU03758,1312
SKU03158,1312
SKU04887,1312
SKU00679,1311
SKU00923,1311
SKU00433,1311
SKU00302,1311
SKU03848,1311
SKU02925,1311
SKU04643,1310
SKU03582,1310
SKU00894,1310
SKU04388,1310
SKU03514,1310
SKU01512,1310
SKU03139,1310
SKU03858,1310
SKU02768,1309
SKU03561,1309
SKU01806,1309
SKU01670,1309
SKU04854,1309
SKU03803,1308
SKU01473,1308
SKU03775,1308
SKU00078,1308
SKU00535,1308
SKU04941,1308
SKU00814,1307
SKU03670,1307
SKU02506,1307
SKU00156,1307
SKU00009,1307
SKU02590,1307
SKU03591,1307
SKU03892,1307
SKU04701,1307
SKU00354,1307
SKU03220,1307
SKU03602,1306
SKU01474,1306
SKU01310,1306
SKU03185,1305
SKU00210,1305
SKU02501,1305
SKU01560,1305
SKU04690,1305
SKU03508,1305
SKU03090,1305
SKU05000,1305
SKU02357,1305
SKU04409,1305
SKU01967,1304
SKU02698,1304
SKU01433,1303
SKU03188,1303
SKU02875,1303
SKU04484,1303
SKU00127,1303
SKU02578,1303
SKU01717,1303
SKU00958,1303
SKU04829,1302
SKU02563,1302
SKU02533,1302
SKU04169,1302
SKU02279,1301
SKU00963,1301
SKU00017,1301
SKU00516,1301
SKU03113,1300
SKU03543,1300
SKU04879,1300
SKU03269,1300
SKU01285,1299
SKU01838,1299
SKU01913,1299
SKU03111,1298
SKU00331,1298
SKU02175,1298
SKU04149,1298
SKU04353,1298
SKU03017,1297
SKU04172,1297
SKU00012,1296
SKU04953,1296
SKU00502,1296
SKU03805,1295
SKU04265,1295
SKU00740,1295
SKU03991,1295
SKU04118,1294
SKU04158,1294
SKU01903,1294
SKU04612,1294
SKU00721,1294
SKU01828,1294
SKU00075,1294
SKU00150,1294
SKU00402,1294
SKU00589,1293
SKU02331,1293
SKU01986,1293
SKU03036,1293
SKU03362,1293
SKU03357,1293
SKU04753,1293
SKU01970,1292
SKU01567,1291
SKU00032,1291
SKU03152,1290
SKU01981,1290
SKU00987,1290
SKU02103,1290
SKU02290,1290
SKU02104,1289
SKU02686,1289
SKU03092,1289
SKU03744,1288
SKU03548,1288
SKU02172,1288
SKU04741,1287
SKU01733,1287
SKU01179,1287
SKU01790,1287
SKU04652,1287
SKU03975,1287
SKU03580,1287
SKU00437,1287
SKU03833,1287
SKU00767,1286
SKU01582,1286
SKU02710,1286
SKU02436,1286
SKU02829,1286
SKU00821,1285
SKU02897,1285
SKU00978,1285
SKU02255,1285
SKU02911,1285
SKU02675,1285
SKU04062,1284
SKU03600,1284
SKU03523,1284
SKU03414,1283
SKU02446,1283
SKU03376,1283
SKU02329,1282
SKU01017,1282
SKU03935,1282
SKU02223,1282
SKU04352,1282
SKU04461,1282
SKU00385,1281
SKU04153,1281
SKU03277,1280
SKU03129,1280
SKU00706,1280
SKU04888,1280
SKU01423,1279
SKU01224,1279
SKU03634,1279
SKU02584,1279
SKU00932,1279
SKU03179,1278
SKU01781,1278
SKU00521,1278
SKU03740,1278
SKU04532,1278
SKU01649,1278
SKU01877,1278
SKU02626,1277
SKU02514,1277
SKU03281,1277
SKU04401,1277
SKU01822,1277
SKU04106,1277
SKU04747,1277
SKU00585,1277
SKU03828,1277
SKU04795,1276
SKU02194,1276
SKU02386,1275
SKU01032,1275
SKU03230,1274
SKU02064,1274
SKU02728,1274
SKU01558,1274
SKU02969,1273
SKU02387,1273
SKU04566,1273
SKU00155,1272
SKU01762,1272
SKU03749,1272
SKU02907,1272
SKU01229,1271
SKU04475,1271
SKU03428,1271
SKU01874,1271
SKU02822,1271
SKU01592,1271
SKU01971,1270
SKU03932,1270
SKU02129,1270
SKU01827,1270
SKU00421,1269
SKU02471,1268
SKU01256,1268
SKU01413,1268
SKU02164,1267
SKU01674,1267
SKU00498,1267
SKU01392,1267
SKU01651,1266
SKU01770,1266
SKU03467,1266
SKU00524,1266
SKU04905,1266
SKU01158,1266
SKU01347,1266
SKU04958,1265
SKU01441,1265
SKU03609,1265
SKU00170,1265
SKU01303,1264
SKU03941,1264
SKU01407,1264
SKU01339,1264
SKU04499,1263
SKU01851,1263
SKU02534,1262
SKU02639,1262
SKU04554,1262
SKU00069,1262
SKU02248,1261
SKU01605,1260
SKU00598,1260
SKU01857,1260
SKU04679,1260
SKU04580,1259
SKU02567,1259
SKU02541,1258
SKU02463,1258
SKU02472,1258
SKU01428,1258
SKU01792,1257
SKU04771,1257
SKU01052,1257
SKU02421,1257
SKU04670,1257
SKU01805,1256
SKU02205,1256
SKU03884,1256
SKU00173,1256
SKU02425,1256
SKU01457,1255
SKU01112,1255
SKU04491,1255
SKU03807,1255
SKU01104,1255
SKU03108,1255
SKU00240,1255
SKU03961,1255
SKU02365,1255
SKU03603,1253
SKU00449,1253
SKU01340,1252
SKU01396,1251
SKU04729,1251
SKU01818,1250
SKU02277,1250
SKU04653,1250
SKU04392,1250
SKU00650,1250
SKU04664,1249
SKU00371,1249
SKU02946,1249
SKU00462,1248
SKU00890,1248
SKU02763,1248
SKU03619,1248
SKU00251,1248
SKU02681,1248
SKU02558,1247
SKU00342,1247
SKU01542,1247
SKU01171,1247
SKU00662,1246
SKU02253,1245
SKU01174,1245
SKU03441,1245
SKU00935,1245
SKU02566,1244
SKU00066,1244
SKU02217,1244
SKU00858,1244
SKU00837,1244
SKU01675,1243
SKU02546,1243
SKU04147,1243
SKU03863,1242
SKU03484,1242
SKU03254,1242
SKU03504,1242
SKU03737,1242
SKU03436,1240
SKU04414,1240
SKU04160,1239
SKU00386,1239
SKU03592,1239
SKU04955,1238
SKU02580,1238
SKU03493,1238
SKU02112,1237
SKU00140,1237
SKU01068,1237
SKU01919,1237
SKU00355,1236
SKU03562,1236
SKU04654,1236
SKU02267,1236
SKU04249,1236
SKU03627,1236
SKU03839,1236
SKU03347,1236
SKU00592,1236
SKU02722,1235
SKU01568,1235
SKU01046,1235
SKU03173,1235
SKU04831,1235
SKU01538,1234
SKU03416,1233
SKU04215,1233
SKU04665,1233
SKU01038,1232
SKU02842,1232
SKU03457,1232
SKU00571,1231
SKU02114,1231
SKU01356,1231
SKU00317,1230
SKU03284,1230
SKU03375,1230
SKU03822,1229
SKU02780,1229
SKU04319,1229
SKU04019,1228
SKU02964,1228
SKU02630,1228
SKU00083,1228
SKU01834,1227
SKU01042,1227
SKU04107,1225
SKU00237,1225
SKU04212,1224
SKU03311,1224
SKU04425,1224
SKU03115,1224
SKU04018,1223
SKU02055,1222
SKU00775,1222
SKU01678,1222
SKU00167,1222
SKU00654,1222
SKU03290,1221
SKU04048,1221
SKU02500,1221
SKU01318,1220
SKU03257,1219
SKU01803,1219
SKU04145,1219
SKU01684,1218
SKU04901,1218
SKU03709,1218
SKU04054,1218
SKU03014,1218
SKU04798,1218
SKU03837,1217
SKU04605,1217
SKU00965,1216
SKU01696,1216
SKU00350,1215
SKU00691,1215
SKU01880,1215
SKU00860,1214
SKU00105,1214
SKU02302,1213
SKU04470,1213
SKU04194,1213
SKU02014,1212
SKU00906,1212
SKU04607,1212
SKU03291,1210
SKU03058,1210
SKU02376,1210
SKU02221,1209
SKU01645,1208
SKU01167,1207
SKU03043,1206
SKU03642,1206
SKU00551,1204
SKU04443,1203
SKU00986,1203
SKU00401,1202
SKU00631,1202
SKU00584,1202
SKU02520,1200
SKU04849,1200
SKU00550,1198
SKU03621,1198
SKU01906,1197
SKU01915,1197
SKU02038,1197
SKU00419,1196
SKU01133,1196
SKU00501,1195
SKU04919,1195
SKU04261,1195
SKU01337,1195
SKU04152,1194
SKU03773,1193
SKU01191,1192
SKU03950,1192
SKU02408,1191
SKU00699,1191
SKU00972,1191
SKU02700,1191
SKU01031,1190
SKU03624,1189
SKU03286,1188
SKU00855,1188
SKU00262,1187
SKU00645,1186
SKU00466,1186
SKU04561,1183
SKU01063,1182
SKU03089,1182
SKU02351,1182
SKU04102,1181
SKU04222,1181
SKU02075,1181
SKU00954,1181
SKU00936,1180
SKU01766,1179
SKU00546,1178
SKU03491,1178
SKU01187,1178
SKU00507,1176
SKU03583,1175
SKU04442,1174
SKU04987,1173
SKU02871,1173
SKU04505,1173
SKU04250,1173
SKU01287,1171
SKU03251,1171
SKU03150,1169
SKU04902,1169
SKU00649,1168
SKU04142,1167
SKU00532,1167
SKU02999,1167
SKU04768,1165
SKU04996,1164
SKU04073,1163
SKU04636,1162
SKU04757,1161
SKU03864,1160
SKU02794,1160
SKU04526,1156
SKU01754,1153
SKU03105,1153
SKU01911,1150
SKU02877,1148
SKU02576,1146
SKU03823,1145
SKU04856,1143
SKU00749,1139
SKU03968,1136
SKU02570,1136
SKU02662,1133
SKU04693,1130
SKU01863,1105
